timestamp,open,high,low,close,volume
2026-01-05 09:15:00,24000.0,24001.53,23997.79,23998.46,0
2026-01-05 09:16:00,23998.46,24001.25,23995.93,23996.57,0
2026-01-05 09:17:00,23996.57,24004.52,23993.46,24003.25,0
2026-01-05 09:18:00,24003.25,24005.92,24002.69,24004.74,0
2026-01-05 09:19:00,24004.74,24007.3,23993.22,23994.74,0
2026-01-05 09:20:00,23994.74,24002.81,23989.51,23997.74,0
2026-01-05 09:21:00,23997.74,23999.14,23991.48,23992.4,0
2026-01-05 09:22:00,23992.4,23993.96,23990.2,23992.12,0
2026-01-05 09:23:00,23992.12,23995.16,23990.14,23993.97,0
2026-01-05 09:24:00,23993.97,24005.95,23990.38,24004.28,0
2026-01-05 09:25:00,24004.28,24006.5,23999.53,24000.56,0
2026-01-05 09:26:00,24000.56,24002.45,23999.17,23999.92,0
2026-01-05 09:27:00,23999.92,24002.79,23995.67,23997.24,0
2026-01-05 09:28:00,23997.24,24006.98,23996.5,24004.56,0
2026-01-05 09:29:00,24004.56,24011.59,24004.42,24007.12,0
2026-01-05 09:30:00,24007.12,24021.0,24006.16,24014.96,0
2026-01-05 09:31:00,24014.96,24017.41,24012.83,24014.32,0
2026-01-05 09:32:00,24014.32,24018.71,24011.46,24013.95,0
2026-01-05 09:33:00,24013.95,24020.8,24009.63,24017.96,0
2026-01-05 09:34:00,24017.96,24020.49,24014.07,24020.14,0
2026-01-05 09:35:00,24020.14,24025.66,24018.78,24023.83,0
2026-01-05 09:36:00,24023.83,24026.73,24014.65,24016.24,0
2026-01-05 09:37:00,24016.24,24030.07,24011.87,24023.97,0
2026-01-05 09:38:00,24023.97,24029.74,24022.24,24025.41,0
2026-01-05 09:39:00,24025.41,24032.96,24012.94,24014.01,0
2026-01-05 09:40:00,24014.01,24017.37,24006.66,24009.59,0
2026-01-05 09:41:00,24009.59,24016.67,24008.85,24016.2,0
2026-01-05 09:42:00,24016.2,24023.59,24014.35,24018.81,0
2026-01-05 09:43:00,24018.81,24023.56,24014.1,24021.92,0
2026-01-05 09:44:00,24021.92,24032.48,24020.33,24029.61,0
2026-01-05 09:45:00,24029.61,24031.51,24015.24,24017.77,0
2026-01-05 09:46:00,24017.77,24018.32,24003.84,24006.9,0
2026-01-05 09:47:00,24006.9,24011.73,23997.38,23999.03,0
2026-01-05 09:48:00,23999.03,24000.01,23996.18,23998.13,0
2026-01-05 09:49:00,23998.13,24002.29,23996.15,23998.86,0
2026-01-05 09:50:00,23998.86,24001.98,23996.29,23996.37,0
2026-01-05 09:51:00,23996.37,23999.21,23986.69,23991.08,0
2026-01-05 09:52:00,23991.08,23995.22,23988.01,23988.42,0
2026-01-05 09:53:00,23988.42,23989.31,23983.31,23987.52,0
2026-01-05 09:54:00,23987.52,23991.3,23977.55,23981.36,0
2026-01-05 09:55:00,23981.36,23983.25,23973.25,23976.64,0
2026-01-05 09:56:00,23976.64,23982.83,23976.21,23981.79,0
2026-01-05 09:57:00,23981.79,23984.43,23981.26,23982.71,0
2026-01-05 09:58:00,23982.71,23986.09,23982.7,23984.37,0
2026-01-05 09:59:00,23984.37,23990.65,23978.34,23988.95,0
2026-01-05 10:00:00,23988.95,23992.19,23987.84,23990.9,0
2026-01-05 10:01:00,23990.9,23993.68,23989.82,23990.83,0
2026-01-05 10:02:00,23990.83,23998.65,23983.13,23993.14,0
2026-01-05 10:03:00,23993.14,23993.87,23985.2,23986.4,0
2026-01-05 10:04:00,23986.4,23989.12,23984.43,23987.83,0
2026-01-05 10:05:00,23987.83,23991.09,23980.54,23989.52,0
2026-01-05 10:06:00,23989.52,23993.31,23989.22,23991.65,0
2026-01-05 10:07:00,23991.65,23991.84,23982.11,23990.3,0
2026-01-05 10:08:00,23990.3,23993.32,23983.87,23987.38,0
2026-01-05 10:09:00,23987.38,23990.24,23984.41,23986.98,0
2026-01-05 10:10:00,23986.98,24001.03,23985.92,23995.92,0
2026-01-05 10:11:00,23995.92,23997.79,23990.6,23993.88,0
2026-01-05 10:12:00,23993.88,23997.14,23973.44,23977.78,0
2026-01-05 10:13:00,23977.78,23986.36,23977.25,23981.88,0
2026-01-05 10:14:00,23981.88,23989.5,23981.31,23989.05,0
2026-01-05 10:15:00,23989.05,23994.25,23988.78,23993.83,0
2026-01-05 10:16:00,23993.83,24006.18,23992.95,24003.03,0
2026-01-05 10:17:00,24003.03,24022.94,24000.29,24019.5,0
2026-01-05 10:18:00,24019.5,24019.9,24015.79,24017.91,0
2026-01-05 10:19:00,24017.91,24021.16,24013.33,24019.24,0
2026-01-05 10:20:00,24019.24,24021.09,24007.29,24010.18,0
2026-01-05 10:21:00,24010.18,24014.59,24000.22,24004.02,0
2026-01-05 10:22:00,24004.02,24012.92,24001.21,24008.5,0
2026-01-05 10:23:00,24008.5,24011.93,24006.2,24008.51,0
2026-01-05 10:24:00,24008.51,24020.72,24003.83,24018.05,0
2026-01-05 10:25:00,24018.05,24024.51,24012.13,24023.97,0
2026-01-05 10:26:00,24023.97,24032.7,24022.17,24032.41,0
2026-01-05 10:27:00,24032.41,24036.04,24027.92,24034.81,0
2026-01-05 10:28:00,24034.81,24038.22,24024.23,24028.69,0
2026-01-05 10:29:00,24028.69,24037.95,24026.46,24037.4,0
2026-01-05 10:30:00,24037.4,24043.86,24037.03,24043.52,0
2026-01-05 10:31:00,24043.52,24052.85,24036.63,24052.06,0
2026-01-05 10:32:00,24052.06,24057.62,24047.28,24049.74,0
2026-01-05 10:33:00,24049.74,24053.47,24049.71,24051.64,0
2026-01-05 10:34:00,24051.64,24056.87,24047.66,24056.64,0
2026-01-05 10:35:00,24056.64,24059.76,24051.79,24056.27,0
2026-01-05 10:36:00,24056.27,24067.94,24053.63,24065.93,0
2026-01-05 10:37:00,24065.93,24069.18,24048.78,24054.67,0
2026-01-05 10:38:00,24054.67,24064.78,24054.63,24061.08,0
2026-01-05 10:39:00,24061.08,24061.17,24058.16,24059.93,0
2026-01-05 10:40:00,24059.93,24066.71,24059.8,24061.33,0
2026-01-05 10:41:00,24061.33,24067.52,24060.74,24064.52,0
2026-01-05 10:42:00,24064.52,24066.19,24053.74,24056.96,0
2026-01-05 10:43:00,24056.96,24058.75,24044.06,24047.08,0
2026-01-05 10:44:00,24047.08,24051.86,24044.67,24051.84,0
2026-01-05 10:45:00,24051.84,24056.37,24047.15,24052.84,0
2026-01-05 10:46:00,24052.84,24055.6,24047.31,24049.0,0
2026-01-05 10:47:00,24049.0,24051.32,24038.99,24043.59,0
2026-01-05 10:48:00,24043.59,24047.13,24041.79,24042.88,0
2026-01-05 10:49:00,24042.88,24043.87,24026.8,24028.72,0
2026-01-05 10:50:00,24028.72,24030.9,24016.24,24017.07,0
2026-01-05 10:51:00,24017.07,24019.7,24002.82,24003.69,0
2026-01-05 10:52:00,24003.69,24006.03,23998.7,24000.94,0
2026-01-05 10:53:00,24000.94,24005.92,23996.94,24004.94,0
2026-01-05 10:54:00,24004.94,24010.25,23998.69,24008.9,0
2026-01-05 10:55:00,24008.9,24018.2,24008.01,24014.28,0
2026-01-05 10:56:00,24014.28,24020.1,24006.18,24011.46,0
2026-01-05 10:57:00,24011.46,24021.54,24008.68,24014.27,0
2026-01-05 10:58:00,24014.27,24024.07,24013.91,24018.41,0
2026-01-05 10:59:00,24018.41,24024.48,24015.69,24021.78,0
2026-01-05 11:00:00,24021.78,24022.65,24018.77,24021.24,0
2026-01-05 11:01:00,24021.24,24021.83,24017.99,24021.03,0
2026-01-05 11:02:00,24021.03,24023.71,24018.58,24018.88,0
2026-01-05 11:03:00,24018.88,24021.41,24005.76,24013.76,0
2026-01-05 11:04:00,24013.76,24022.51,24005.98,24020.6,0
2026-01-05 11:05:00,24020.6,24025.77,24015.55,24024.33,0
2026-01-05 11:06:00,24024.33,24027.1,24022.76,24026.9,0
2026-01-05 11:07:00,24026.9,24030.0,24014.26,24015.23,0
2026-01-05 11:08:00,24015.23,24019.21,24005.59,24011.02,0
2026-01-05 11:09:00,24011.02,24013.02,24001.73,24002.61,0
2026-01-05 11:10:00,24002.61,24004.9,23999.68,24003.71,0
2026-01-05 11:11:00,24003.71,24019.54,24000.12,24016.43,0
2026-01-05 11:12:00,24016.43,24021.54,24005.39,24008.36,0
2026-01-05 11:13:00,24008.36,24021.71,24005.74,24019.28,0
2026-01-05 11:14:00,24019.28,24027.33,24017.04,24020.85,0
2026-01-05 11:15:00,24020.85,24022.42,24018.31,24020.49,0
2026-01-05 11:16:00,24020.49,24021.87,24018.62,24019.75,0
2026-01-05 11:17:00,24019.75,24024.2,24018.78,24023.58,0
2026-01-05 11:18:00,24023.58,24028.46,24021.1,24028.31,0
2026-01-05 11:19:00,24028.31,24028.31,24024.23,24024.56,0
2026-01-05 11:20:00,24024.56,24025.5,24024.03,24025.5,0
2026-01-05 11:21:00,24025.5,24029.27,24023.43,24024.69,0
2026-01-05 11:22:00,24024.69,24032.32,24024.13,24031.02,0
2026-01-05 11:23:00,24031.02,24036.59,24025.33,24033.69,0
2026-01-05 11:24:00,24033.69,24036.84,24031.47,24034.05,0
2026-01-05 11:25:00,24034.05,24041.94,24024.43,24027.55,0
2026-01-05 11:26:00,24027.55,24038.16,24023.44,24037.02,0
2026-01-05 11:27:00,24037.02,24038.58,24030.94,24032.44,0
2026-01-05 11:28:00,24032.44,24037.95,24030.32,24033.5,0
2026-01-05 11:29:00,24033.5,24035.29,24028.41,24033.37,0
2026-01-05 11:30:00,24033.37,24042.27,24030.12,24039.2,0
2026-01-05 11:31:00,24039.2,24041.39,24037.42,24038.31,0
2026-01-05 11:32:00,24038.31,24046.51,24035.58,24044.72,0
2026-01-05 11:33:00,24044.72,24052.36,24039.73,24043.45,0
2026-01-05 11:34:00,24043.45,24043.72,24034.37,24042.15,0
2026-01-05 11:35:00,24042.15,24044.78,24037.15,24040.09,0
2026-01-05 11:36:00,24040.09,24043.64,24039.53,24040.13,0
2026-01-05 11:37:00,24040.13,24045.68,24037.78,24042.29,0
2026-01-05 11:38:00,24042.29,24045.0,24040.67,24042.44,0
2026-01-05 11:39:00,24042.44,24043.84,24041.71,24043.67,0
2026-01-05 11:40:00,24043.67,24050.95,24041.79,24047.79,0
2026-01-05 11:41:00,24047.79,24052.21,24046.48,24047.82,0
2026-01-05 11:42:00,24047.82,24049.87,24034.06,24035.77,0
2026-01-05 11:43:00,24035.77,24039.33,24035.07,24039.16,0
2026-01-05 11:44:00,24039.16,24044.65,24029.12,24030.66,0
2026-01-05 11:45:00,24030.66,24039.87,24030.11,24037.22,0
2026-01-05 11:46:00,24037.22,24039.57,24023.5,24026.31,0
2026-01-05 11:47:00,24026.31,24026.46,24013.03,24014.92,0
2026-01-05 11:48:00,24014.92,24020.4,24001.16,24004.35,0
2026-01-05 11:49:00,24004.35,24008.56,24000.48,24000.58,0
2026-01-05 11:50:00,24000.58,24003.97,23998.47,24002.07,0
2026-01-05 11:51:00,24002.07,24014.58,23998.14,24011.09,0
2026-01-05 11:52:00,24011.09,24014.27,24004.83,24008.06,0
2026-01-05 11:53:00,24008.06,24008.07,24006.1,24007.57,0
2026-01-05 11:54:00,24007.57,24011.28,23997.98,23998.05,0
2026-01-05 11:55:00,23998.05,23998.98,23996.66,23996.85,0
2026-01-05 11:56:00,23996.85,23998.95,23991.23,23992.29,0
2026-01-05 11:57:00,23992.29,23994.31,23991.24,23991.77,0
2026-01-05 11:58:00,23991.77,23994.71,23975.32,23975.44,0
2026-01-05 11:59:00,23975.44,23976.03,23965.97,23966.41,0
2026-01-05 12:00:00,23966.41,23967.16,23957.2,23958.15,0
2026-01-05 12:01:00,23958.15,23962.74,23958.04,23960.91,0
2026-01-05 12:02:00,23960.91,23961.34,23955.6,23955.8,0
2026-01-05 12:03:00,23955.8,23961.09,23953.63,23960.2,0
2026-01-05 12:04:00,23960.2,23961.32,23949.86,23952.08,0
2026-01-05 12:05:00,23952.08,23952.43,23943.93,23945.41,0
2026-01-05 12:06:00,23945.41,23947.61,23944.17,23946.04,0
2026-01-05 12:07:00,23946.04,23960.95,23942.73,23959.98,0
2026-01-05 12:08:00,23959.98,23964.06,23952.86,23960.71,0
2026-01-05 12:09:00,23960.71,23961.46,23954.4,23956.21,0
2026-01-05 12:10:00,23956.21,23971.19,23952.37,23970.23,0
2026-01-05 12:11:00,23970.23,23977.67,23968.69,23974.82,0
2026-01-05 12:12:00,23974.82,23976.35,23970.65,23973.89,0
2026-01-05 12:13:00,23973.89,23984.03,23973.14,23980.98,0
2026-01-05 12:14:00,23980.98,23994.37,23980.92,23993.7,0
2026-01-05 12:15:00,23993.7,24000.76,23991.28,24000.68,0
2026-01-05 12:16:00,24000.68,24003.97,23998.55,24002.23,0
2026-01-05 12:17:00,24002.23,24007.48,23992.59,23997.59,0
2026-01-05 12:18:00,23997.59,23998.51,23996.31,23997.7,0
2026-01-05 12:19:00,23997.7,24008.3,23995.68,24006.19,0
2026-01-05 12:20:00,24006.19,24008.27,24001.15,24003.31,0
2026-01-05 12:21:00,24003.31,24011.34,24001.28,24011.31,0
2026-01-05 12:22:00,24011.31,24016.33,24010.38,24016.18,0
2026-01-05 12:23:00,24016.18,24028.71,24014.62,24025.32,0
2026-01-05 12:24:00,24025.32,24039.03,24022.96,24039.02,0
2026-01-05 12:25:00,24039.02,24039.15,24029.88,24035.13,0
2026-01-05 12:26:00,24035.13,24049.95,24031.49,24045.85,0
2026-01-05 12:27:00,24045.85,24050.72,24033.3,24036.82,0
2026-01-05 12:28:00,24036.82,24037.01,24033.13,24034.07,0
2026-01-05 12:29:00,24034.07,24037.33,24033.27,24033.34,0
2026-01-05 12:30:00,24033.34,24033.55,24023.79,24024.71,0
2026-01-05 12:31:00,24024.71,24028.21,24022.0,24027.52,0
2026-01-05 12:32:00,24027.52,24029.93,24022.82,24028.47,0
2026-01-05 12:33:00,24028.47,24033.43,24027.06,24033.08,0
2026-01-05 12:34:00,24033.08,24035.89,24027.81,24028.86,0
2026-01-05 12:35:00,24028.86,24032.18,24027.16,24030.63,0
2026-01-05 12:36:00,24030.63,24045.34,24030.59,24043.23,0
2026-01-05 12:37:00,24043.23,24065.59,24041.66,24059.99,0
2026-01-05 12:38:00,24059.99,24061.47,24058.77,24061.01,0
2026-01-05 12:39:00,24061.01,24062.11,24059.42,24059.58,0
2026-01-05 12:40:00,24059.58,24069.88,24056.92,24064.21,0
2026-01-05 12:41:00,24064.21,24067.3,24061.06,24064.19,0
2026-01-05 12:42:00,24064.19,24069.91,24062.29,24067.96,0
2026-01-05 12:43:00,24067.96,24073.35,24066.44,24072.43,0
2026-01-05 12:44:00,24072.43,24076.66,24071.72,24071.81,0
2026-01-05 12:45:00,24071.81,24076.12,24071.51,24074.53,0
2026-01-05 12:46:00,24074.53,24081.66,24072.61,24079.03,0
2026-01-05 12:47:00,24079.03,24091.87,24078.59,24090.2,0
2026-01-05 12:48:00,24090.2,24094.82,24088.35,24089.3,0
2026-01-05 12:49:00,24089.3,24096.76,24089.25,24094.69,0
2026-01-05 12:50:00,24094.69,24100.01,24090.31,24094.63,0
2026-01-05 12:51:00,24094.63,24105.27,24092.39,24100.02,0
2026-01-05 12:52:00,24100.02,24101.37,24098.14,24099.24,0
2026-01-05 12:53:00,24099.24,24099.87,24085.77,24090.24,0
2026-01-05 12:54:00,24090.24,24093.31,24082.72,24086.79,0
2026-01-05 12:55:00,24086.79,24087.8,24074.39,24079.47,0
2026-01-05 12:56:00,24079.47,24082.78,24072.77,24082.04,0
2026-01-05 12:57:00,24082.04,24084.07,24077.34,24078.93,0
2026-01-05 12:58:00,24078.93,24085.26,24075.42,24082.22,0
2026-01-05 12:59:00,24082.22,24084.71,24078.3,24083.96,0
2026-01-05 13:00:00,24083.96,24085.59,24081.37,24082.75,0
2026-01-05 13:01:00,24082.75,24083.01,24080.99,24082.05,0
2026-01-05 13:02:00,24082.05,24092.54,24080.95,24088.37,0
2026-01-05 13:03:00,24088.37,24095.72,24088.16,24093.45,0
2026-01-05 13:04:00,24093.45,24102.49,24092.3,24097.95,0
2026-01-05 13:05:00,24097.95,24098.54,24093.01,24097.5,0
2026-01-05 13:06:00,24097.5,24099.63,24096.39,24097.6,0
2026-01-05 13:07:00,24097.6,24103.53,24090.7,24090.82,0
2026-01-05 13:08:00,24090.82,24094.03,24088.15,24092.38,0
2026-01-05 13:09:00,24092.38,24094.2,24089.31,24090.74,0
2026-01-05 13:10:00,24090.74,24092.78,24081.27,24081.33,0
2026-01-05 13:11:00,24081.33,24086.92,24080.41,24086.43,0
2026-01-05 13:12:00,24086.43,24087.33,24077.5,24082.5,0
2026-01-05 13:13:00,24082.5,24089.59,24076.45,24078.38,0
2026-01-05 13:14:00,24078.38,24079.0,24075.3,24078.48,0
2026-01-05 13:15:00,24078.48,24084.78,24069.24,24071.06,0
2026-01-05 13:16:00,24071.06,24077.7,24063.17,24075.83,0
2026-01-05 13:17:00,24075.83,24077.82,24073.04,24077.06,0
2026-01-05 13:18:00,24077.06,24084.26,24073.35,24079.27,0
2026-01-05 13:19:00,24079.27,24089.61,24074.58,24077.02,0
2026-01-05 13:20:00,24077.02,24079.79,24068.32,24074.79,0
2026-01-05 13:21:00,24074.79,24075.55,24073.25,24074.75,0
2026-01-05 13:22:00,24074.75,24076.64,24067.81,24069.72,0
2026-01-05 13:23:00,24069.72,24070.14,24069.2,24069.94,0
2026-01-05 13:24:00,24069.94,24076.91,24069.52,24075.43,0
2026-01-05 13:25:00,24075.43,24079.87,24071.97,24079.42,0
2026-01-05 13:26:00,24079.42,24089.55,24076.55,24088.15,0
2026-01-05 13:27:00,24088.15,24095.66,24083.46,24094.62,0
2026-01-05 13:28:00,24094.62,24105.28,24091.95,24104.28,0
2026-01-05 13:29:00,24104.28,24105.92,24099.64,24105.47,0
2026-01-05 13:30:00,24105.47,24111.39,24104.61,24111.3,0
2026-01-05 13:31:00,24111.3,24113.64,24109.27,24113.41,0
2026-01-05 13:32:00,24113.41,24113.51,24104.76,24111.18,0
2026-01-05 13:33:00,24111.18,24113.21,24104.63,24108.64,0
2026-01-05 13:34:00,24108.64,24109.0,24101.71,24106.46,0
2026-01-05 13:35:00,24106.46,24108.66,24099.47,24104.5,0
2026-01-05 13:36:00,24104.5,24108.42,24102.37,24104.74,0
2026-01-05 13:37:00,24104.74,24106.22,24104.39,24105.99,0
2026-01-05 13:38:00,24105.99,24119.93,24103.99,24112.76,0
2026-01-05 13:39:00,24112.76,24114.26,24106.15,24109.31,0
2026-01-05 13:40:00,24109.31,24114.01,24108.48,24112.3,0
2026-01-05 13:41:00,24112.3,24120.13,24110.02,24115.48,0
2026-01-05 13:42:00,24115.48,24117.57,24104.54,24106.21,0
2026-01-05 13:43:00,24106.21,24108.79,24103.56,24103.81,0
2026-01-05 13:44:00,24103.81,24105.44,24096.68,24101.42,0
2026-01-05 13:45:00,24101.42,24102.56,24097.7,24101.46,0
2026-01-05 13:46:00,24101.46,24106.92,24093.99,24103.07,0
2026-01-05 13:47:00,24103.07,24122.27,24102.95,24116.32,0
2026-01-05 13:48:00,24116.32,24121.72,24114.31,24118.82,0
2026-01-05 13:49:00,24118.82,24121.98,24116.88,24117.19,0
2026-01-05 13:50:00,24117.19,24126.66,24114.11,24123.39,0
2026-01-05 13:51:00,24123.39,24129.2,24122.46,24123.24,0
2026-01-05 13:52:00,24123.24,24124.59,24118.52,24120.62,0
2026-01-05 13:53:00,24120.62,24121.8,24115.18,24115.33,0
2026-01-05 13:54:00,24115.33,24115.36,24109.09,24111.34,0
2026-01-05 13:55:00,24111.34,24123.57,24108.99,24118.45,0
2026-01-05 13:56:00,24118.45,24125.9,24110.23,24115.93,0
2026-01-05 13:57:00,24115.93,24116.03,24110.02,24111.58,0
2026-01-05 13:58:00,24111.58,24112.98,24103.35,24103.43,0
2026-01-05 13:59:00,24103.43,24104.31,24088.89,24092.48,0
2026-01-05 14:00:00,24092.48,24094.9,24080.64,24081.27,0
2026-01-05 14:01:00,24081.27,24085.44,24077.36,24084.12,0
2026-01-05 14:02:00,24084.12,24086.74,24081.55,24082.78,0
2026-01-05 14:03:00,24082.78,24089.59,24082.45,24087.14,0
2026-01-05 14:04:00,24087.14,24098.87,24086.67,24097.53,0
2026-01-05 14:05:00,24097.53,24099.9,24090.08,24090.66,0
2026-01-05 14:06:00,24090.66,24097.58,24089.09,24096.3,0
2026-01-05 14:07:00,24096.3,24100.35,24094.87,24096.05,0
2026-01-05 14:08:00,24096.05,24098.71,24092.56,24092.75,0
2026-01-05 14:09:00,24092.75,24094.48,24090.31,24091.08,0
2026-01-05 14:10:00,24091.08,24095.88,24087.45,24094.82,0
2026-01-05 14:11:00,24094.82,24097.91,24091.82,24097.38,0
2026-01-05 14:12:00,24097.38,24102.86,24096.37,24102.01,0
2026-01-05 14:13:00,24102.01,24110.75,24099.95,24106.79,0
2026-01-05 14:14:00,24106.79,24112.05,24099.85,24109.42,0
2026-01-05 14:15:00,24109.42,24113.0,24104.51,24106.46,0
2026-01-05 14:16:00,24106.46,24117.98,24098.83,24111.32,0
2026-01-05 14:17:00,24111.32,24112.82,24108.44,24108.72,0
2026-01-05 14:18:00,24108.72,24115.17,24104.47,24104.71,0
2026-01-05 14:19:00,24104.71,24107.27,24089.67,24094.84,0
2026-01-05 14:20:00,24094.84,24103.48,24094.4,24101.74,0
2026-01-05 14:21:00,24101.74,24109.66,24097.57,24109.31,0
2026-01-05 14:22:00,24109.31,24112.86,24096.91,24099.13,0
2026-01-05 14:23:00,24099.13,24101.71,24092.75,24094.24,0
2026-01-05 14:24:00,24094.24,24104.9,24093.33,24098.13,0
2026-01-05 14:25:00,24098.13,24105.73,24095.48,24103.53,0
2026-01-05 14:26:00,24103.53,24104.04,24087.31,24088.78,0
2026-01-05 14:27:00,24088.78,24106.96,24087.8,24104.1,0
2026-01-05 14:28:00,24104.1,24106.97,24102.77,24104.31,0
2026-01-05 14:29:00,24104.31,24113.56,24103.51,24111.2,0
2026-01-05 14:30:00,24111.2,24111.67,24105.96,24108.03,0
2026-01-05 14:31:00,24108.03,24111.31,24097.54,24098.45,0
2026-01-05 14:32:00,24098.45,24099.05,24092.12,24095.1,0
2026-01-05 14:33:00,24095.1,24095.43,24087.61,24089.23,0
2026-01-05 14:34:00,24089.23,24093.39,24082.91,24092.39,0
2026-01-05 14:35:00,24092.39,24100.83,24092.35,24099.84,0
2026-01-05 14:36:00,24099.84,24100.63,24096.9,24098.17,0
2026-01-05 14:37:00,24098.17,24100.39,24090.23,24092.03,0
2026-01-05 14:38:00,24092.03,24095.5,24086.44,24088.35,0
2026-01-05 14:39:00,24088.35,24090.33,24077.45,24080.49,0
2026-01-05 14:40:00,24080.49,24086.73,24079.88,24082.61,0
2026-01-05 14:41:00,24082.61,24082.75,24077.78,24078.22,0
2026-01-05 14:42:00,24078.22,24080.05,24067.33,24067.82,0
2026-01-05 14:43:00,24067.82,24068.06,24062.8,24065.0,0
2026-01-05 14:44:00,24065.0,24072.32,24063.24,24069.6,0
2026-01-05 14:45:00,24069.6,24069.66,24067.06,24067.88,0
2026-01-05 14:46:00,24067.88,24068.42,24060.82,24066.0,0
2026-01-05 14:47:00,24066.0,24066.07,24061.08,24064.0,0
2026-01-05 14:48:00,24064.0,24065.54,24063.36,24063.85,0
2026-01-05 14:49:00,24063.85,24084.13,24063.23,24076.31,0
2026-01-05 14:50:00,24076.31,24079.25,24057.4,24065.36,0
2026-01-05 14:51:00,24065.36,24065.74,24048.79,24050.35,0
2026-01-05 14:52:00,24050.35,24052.0,24041.81,24048.53,0
2026-01-05 14:53:00,24048.53,24054.76,24048.47,24053.65,0
2026-01-05 14:54:00,24053.65,24055.56,24048.66,24050.12,0
2026-01-05 14:55:00,24050.12,24052.99,24043.38,24051.46,0
2026-01-05 14:56:00,24051.46,24052.07,24049.01,24051.27,0
2026-01-05 14:57:00,24051.27,24051.37,24044.16,24046.02,0
2026-01-05 14:58:00,24046.02,24050.62,24040.04,24046.89,0
2026-01-05 14:59:00,24046.89,24052.65,24038.87,24041.44,0
2026-01-05 15:00:00,24041.44,24053.38,24038.99,24050.61,0
2026-01-05 15:01:00,24050.61,24052.75,24044.24,24046.9,0
2026-01-05 15:02:00,24046.9,24052.34,24038.44,24041.43,0
2026-01-05 15:03:00,24041.43,24062.16,24039.37,24056.39,0
2026-01-05 15:04:00,24056.39,24057.08,24049.76,24052.01,0
2026-01-05 15:05:00,24052.01,24060.11,24048.75,24059.87,0
2026-01-05 15:06:00,24059.87,24069.47,24059.21,24067.73,0
2026-01-05 15:07:00,24067.73,24068.67,24066.67,24067.65,0
2026-01-05 15:08:00,24067.65,24073.18,24056.87,24063.49,0
2026-01-05 15:09:00,24063.49,24065.77,24055.83,24055.89,0
2026-01-05 15:10:00,24055.89,24057.89,24055.54,24056.23,0
2026-01-05 15:11:00,24056.23,24058.35,24045.11,24051.47,0
2026-01-05 15:12:00,24051.47,24052.92,24048.86,24050.45,0
2026-01-05 15:13:00,24050.45,24050.97,24046.91,24049.72,0
2026-01-05 15:14:00,24049.72,24052.03,24047.98,24049.81,0
2026-01-05 15:15:00,24049.81,24055.01,24048.1,24051.09,0
2026-01-05 15:16:00,24051.09,24053.52,24046.55,24048.94,0
2026-01-05 15:17:00,24048.94,24063.55,24048.87,24058.28,0
2026-01-05 15:18:00,24058.28,24065.21,24055.85,24061.69,0
2026-01-05 15:19:00,24061.69,24072.71,24059.77,24068.92,0
2026-01-05 15:20:00,24068.92,24075.94,24068.61,24071.63,0
2026-01-05 15:21:00,24071.63,24072.7,24064.5,24066.48,0
2026-01-05 15:22:00,24066.48,24070.99,24059.46,24061.33,0
2026-01-05 15:23:00,24061.33,24067.94,24057.78,24061.46,0
2026-01-05 15:24:00,24061.46,24065.31,24060.23,24063.47,0
2026-01-05 15:25:00,24063.47,24075.07,24059.69,24073.2,0
2026-01-05 15:26:00,24073.2,24075.34,24072.6,24073.79,0
2026-01-05 15:27:00,24073.79,24080.25,24069.5,24076.35,0
2026-01-05 15:28:00,24076.35,24077.07,24074.26,24075.98,0
2026-01-05 15:29:00,24075.98,24078.34,24068.12,24074.13,0
2026-01-06 09:15:00,24074.13,24078.88,24069.48,24077.91,0
2026-01-06 09:16:00,24077.91,24089.7,24077.8,24089.47,0
2026-01-06 09:17:00,24089.47,24089.64,24079.47,24082.76,0
2026-01-06 09:18:00,24082.76,24084.59,24082.67,24083.19,0
2026-01-06 09:19:00,24083.19,24087.42,24078.9,24084.87,0
2026-01-06 09:20:00,24084.87,24090.32,24080.38,24080.95,0
2026-01-06 09:21:00,24080.95,24083.98,24075.3,24076.36,0
2026-01-06 09:22:00,24076.36,24081.66,24075.95,24078.11,0
2026-01-06 09:23:00,24078.11,24088.72,24077.65,24086.67,0
2026-01-06 09:24:00,24086.67,24087.8,24086.53,24087.44,0
2026-01-06 09:25:00,24087.44,24092.11,24080.22,24091.83,0
2026-01-06 09:26:00,24091.83,24094.5,24089.75,24091.7,0
2026-01-06 09:27:00,24091.7,24092.15,24081.51,24088.04,0
2026-01-06 09:28:00,24088.04,24091.41,24077.52,24081.76,0
2026-01-06 09:29:00,24081.76,24087.39,24066.3,24067.39,0
2026-01-06 09:30:00,24067.39,24072.99,24059.11,24063.56,0
2026-01-06 09:31:00,24063.56,24069.59,24062.46,24067.27,0
2026-01-06 09:32:00,24067.27,24073.32,24061.44,24069.25,0
2026-01-06 09:33:00,24069.25,24075.87,24068.7,24075.44,0
2026-01-06 09:34:00,24075.44,24090.54,24074.51,24086.26,0
2026-01-06 09:35:00,24086.26,24089.86,24086.1,24089.0,0
2026-01-06 09:36:00,24089.0,24092.98,24084.4,24086.0,0
2026-01-06 09:37:00,24086.0,24089.67,24075.13,24076.74,0
2026-01-06 09:38:00,24076.74,24080.92,24066.83,24069.5,0
2026-01-06 09:39:00,24069.5,24075.03,24055.62,24058.05,0
2026-01-06 09:40:00,24058.05,24074.13,24056.46,24070.43,0
2026-01-06 09:41:00,24070.43,24073.58,24069.92,24072.97,0
2026-01-06 09:42:00,24072.97,24083.78,24069.25,24079.29,0
2026-01-06 09:43:00,24079.29,24080.97,24069.11,24070.93,0
2026-01-06 09:44:00,24070.93,24073.93,24070.83,24073.13,0
2026-01-06 09:45:00,24073.13,24074.46,24066.22,24069.07,0
2026-01-06 09:46:00,24069.07,24073.96,24068.1,24073.65,0
2026-01-06 09:47:00,24073.65,24084.75,24071.71,24082.97,0
2026-01-06 09:48:00,24082.97,24090.69,24080.5,24089.89,0
2026-01-06 09:49:00,24089.89,24092.93,24082.6,24083.2,0
2026-01-06 09:50:00,24083.2,24085.21,24071.0,24073.68,0
2026-01-06 09:51:00,24073.68,24083.41,24073.19,24081.37,0
2026-01-06 09:52:00,24081.37,24084.07,24080.59,24083.07,0
2026-01-06 09:53:00,24083.07,24085.08,24079.73,24079.75,0
2026-01-06 09:54:00,24079.75,24089.27,24076.26,24081.02,0
2026-01-06 09:55:00,24081.02,24086.55,24080.73,24081.21,0
2026-01-06 09:56:00,24081.21,24087.22,24077.96,24084.01,0
2026-01-06 09:57:00,24084.01,24093.77,24076.82,24093.29,0
2026-01-06 09:58:00,24093.29,24095.33,24091.31,24092.41,0
2026-01-06 09:59:00,24092.41,24095.7,24083.0,24085.72,0
2026-01-06 10:00:00,24085.72,24097.52,24084.0,24094.95,0
2026-01-06 10:01:00,24094.95,24096.9,24082.95,24084.98,0
2026-01-06 10:02:00,24084.98,24086.72,24079.1,24080.08,0
2026-01-06 10:03:00,24080.08,24080.6,24078.03,24078.47,0
2026-01-06 10:04:00,24078.47,24082.0,24075.59,24079.74,0
2026-01-06 10:05:00,24079.74,24084.26,24071.34,24075.63,0
2026-01-06 10:06:00,24075.63,24079.63,24070.7,24076.31,0
2026-01-06 10:07:00,24076.31,24076.39,24070.01,24074.33,0
2026-01-06 10:08:00,24074.33,24076.51,24068.0,24071.24,0
2026-01-06 10:09:00,24071.24,24083.39,24067.03,24080.8,0
2026-01-06 10:10:00,24080.8,24086.75,24080.22,24083.93,0
2026-01-06 10:11:00,24083.93,24086.27,24073.74,24076.12,0
2026-01-06 10:12:00,24076.12,24080.9,24075.2,24079.44,0
2026-01-06 10:13:00,24079.44,24085.86,24073.91,24084.18,0
2026-01-06 10:14:00,24084.18,24087.6,24084.14,24086.15,0
2026-01-06 10:15:00,24086.15,24093.25,24085.91,24091.49,0
2026-01-06 10:16:00,24091.49,24093.2,24084.87,24089.66,0
2026-01-06 10:17:00,24089.66,24095.82,24083.56,24088.15,0
2026-01-06 10:18:00,24088.15,24094.65,24082.84,24092.89,0
2026-01-06 10:19:00,24092.89,24093.23,24088.62,24091.81,0
2026-01-06 10:20:00,24091.81,24098.68,24090.21,24094.65,0
2026-01-06 10:21:00,24094.65,24097.79,24094.14,24097.19,0
2026-01-06 10:22:00,24097.19,24100.33,24087.41,24088.64,0
2026-01-06 10:23:00,24088.64,24090.89,24079.53,24082.01,0
2026-01-06 10:24:00,24082.01,24090.31,24077.93,24087.14,0
2026-01-06 10:25:00,24087.14,24095.36,24085.4,24092.7,0
2026-01-06 10:26:00,24092.7,24094.93,24081.88,24083.78,0
2026-01-06 10:27:00,24083.78,24086.91,24077.69,24085.83,0
2026-01-06 10:28:00,24085.83,24091.84,24083.12,24087.23,0
2026-01-06 10:29:00,24087.23,24089.31,24077.43,24079.99,0
2026-01-06 10:30:00,24079.99,24083.89,24074.18,24076.74,0
2026-01-06 10:31:00,24076.74,24081.31,24072.09,24080.35,0
2026-01-06 10:32:00,24080.35,24082.0,24074.29,24077.22,0
2026-01-06 10:33:00,24077.22,24082.5,24075.09,24080.28,0
2026-01-06 10:34:00,24080.28,24086.45,24072.23,24074.01,0
2026-01-06 10:35:00,24074.01,24082.52,24071.08,24082.0,0
2026-01-06 10:36:00,24082.0,24082.52,24062.12,24065.77,0
2026-01-06 10:37:00,24065.77,24070.33,24061.33,24067.55,0
2026-01-06 10:38:00,24067.55,24075.64,24064.39,24074.31,0
2026-01-06 10:39:00,24074.31,24083.58,24073.1,24078.97,0
2026-01-06 10:40:00,24078.97,24079.29,24068.69,24070.42,0
2026-01-06 10:41:00,24070.42,24076.59,24060.12,24064.01,0
2026-01-06 10:42:00,24064.01,24070.69,24060.04,24066.28,0
2026-01-06 10:43:00,24066.28,24078.86,24060.25,24072.64,0
2026-01-06 10:44:00,24072.64,24073.45,24070.92,24071.38,0
2026-01-06 10:45:00,24071.38,24080.48,24071.12,24077.37,0
2026-01-06 10:46:00,24077.37,24079.59,24067.81,24069.22,0
2026-01-06 10:47:00,24069.22,24073.78,24064.34,24072.99,0
2026-01-06 10:48:00,24072.99,24081.17,24071.94,24079.81,0
2026-01-06 10:49:00,24079.81,24092.01,24078.51,24090.4,0
2026-01-06 10:50:00,24090.4,24101.31,24088.84,24097.54,0
2026-01-06 10:51:00,24097.54,24101.33,24088.88,24089.62,0
2026-01-06 10:52:00,24089.62,24099.59,24087.04,24091.95,0
2026-01-06 10:53:00,24091.95,24101.08,24086.93,24098.77,0
2026-01-06 10:54:00,24098.77,24099.27,24092.38,24093.86,0
2026-01-06 10:55:00,24093.86,24095.27,24090.51,24092.94,0
2026-01-06 10:56:00,24092.94,24097.64,24091.3,24095.73,0
2026-01-06 10:57:00,24095.73,24100.68,24094.87,24098.96,0
2026-01-06 10:58:00,24098.96,24108.63,24098.52,24108.55,0
2026-01-06 10:59:00,24108.55,24114.06,24105.3,24112.96,0
2026-01-06 11:00:00,24112.96,24114.82,24103.73,24105.27,0
2026-01-06 11:01:00,24105.27,24110.58,24097.92,24100.47,0
2026-01-06 11:02:00,24100.47,24112.99,24096.12,24111.01,0
2026-01-06 11:03:00,24111.01,24114.61,24100.78,24105.15,0
2026-01-06 11:04:00,24105.15,24105.54,24097.09,24104.46,0
2026-01-06 11:05:00,24104.46,24106.79,24102.57,24105.52,0
2026-01-06 11:06:00,24105.52,24109.19,24104.99,24108.2,0
2026-01-06 11:07:00,24108.2,24119.51,24106.78,24118.52,0
2026-01-06 11:08:00,24118.52,24130.29,24115.41,24127.28,0
2026-01-06 11:09:00,24127.28,24142.34,24123.99,24138.27,0
2026-01-06 11:10:00,24138.27,24143.81,24130.68,24132.04,0
2026-01-06 11:11:00,24132.04,24133.54,24116.55,24120.9,0
2026-01-06 11:12:00,24120.9,24121.85,24105.46,24111.21,0
2026-01-06 11:13:00,24111.21,24118.1,24110.42,24115.89,0
2026-01-06 11:14:00,24115.89,24117.85,24114.85,24116.21,0
2026-01-06 11:15:00,24116.21,24117.95,24115.87,24116.31,0
2026-01-06 11:16:00,24116.31,24116.5,24103.47,24109.27,0
2026-01-06 11:17:00,24109.27,24115.02,24106.09,24106.33,0
2026-01-06 11:18:00,24106.33,24107.1,24095.85,24098.77,0
2026-01-06 11:19:00,24098.77,24100.98,24086.65,24088.86,0
2026-01-06 11:20:00,24088.86,24091.46,24086.08,24091.16,0
2026-01-06 11:21:00,24091.16,24095.21,24083.96,24084.69,0
2026-01-06 11:22:00,24084.69,24091.03,24074.87,24078.98,0
2026-01-06 11:23:00,24078.98,24097.28,24078.75,24093.83,0
2026-01-06 11:24:00,24093.83,24095.57,24093.0,24095.09,0
2026-01-06 11:25:00,24095.09,24098.25,24081.79,24086.85,0
2026-01-06 11:26:00,24086.85,24089.39,24077.23,24082.32,0
2026-01-06 11:27:00,24082.32,24083.1,24077.56,24080.67,0
2026-01-06 11:28:00,24080.67,24082.46,24072.78,24073.94,0
2026-01-06 11:29:00,24073.94,24075.37,24066.82,24069.51,0
2026-01-06 11:30:00,24069.51,24069.57,24056.59,24064.73,0
2026-01-06 11:31:00,24064.73,24067.73,24059.69,24064.08,0
2026-01-06 11:32:00,24064.08,24066.36,24060.31,24061.52,0
2026-01-06 11:33:00,24061.52,24072.6,24057.59,24069.12,0
2026-01-06 11:34:00,24069.12,24079.62,24066.28,24078.43,0
2026-01-06 11:35:00,24078.43,24080.84,24072.69,24073.47,0
2026-01-06 11:36:00,24073.47,24077.43,24069.85,24077.36,0
2026-01-06 11:37:00,24077.36,24080.25,24069.03,24073.46,0
2026-01-06 11:38:00,24073.46,24082.64,24070.33,24080.43,0
2026-01-06 11:39:00,24080.43,24081.76,24070.97,24074.79,0
2026-01-06 11:40:00,24074.79,24076.67,24071.39,24073.05,0
2026-01-06 11:41:00,24073.05,24073.16,24065.91,24067.29,0
2026-01-06 11:42:00,24067.29,24068.73,24066.27,24067.98,0
2026-01-06 11:43:00,24067.98,24069.58,24052.45,24054.84,0
2026-01-06 11:44:00,24054.84,24064.22,24052.7,24059.49,0
2026-01-06 11:45:00,24059.49,24060.5,24054.75,24057.72,0
2026-01-06 11:46:00,24057.72,24060.62,24050.67,24055.07,0
2026-01-06 11:47:00,24055.07,24058.73,24042.89,24044.2,0
2026-01-06 11:48:00,24044.2,24047.49,24042.74,24047.12,0
2026-01-06 11:49:00,24047.12,24049.97,24038.23,24039.83,0
2026-01-06 11:50:00,24039.83,24046.0,24033.91,24045.74,0
2026-01-06 11:51:00,24045.74,24049.12,24037.61,24038.02,0
2026-01-06 11:52:00,24038.02,24038.75,24034.37,24035.64,0
2026-01-06 11:53:00,24035.64,24035.95,24031.94,24032.38,0
2026-01-06 11:54:00,24032.38,24041.61,24026.74,24041.48,0
2026-01-06 11:55:00,24041.48,24057.44,24038.29,24052.29,0
2026-01-06 11:56:00,24052.29,24053.49,24051.87,24053.08,0
2026-01-06 11:57:00,24053.08,24053.28,24046.77,24048.69,0
2026-01-06 11:58:00,24048.69,24060.13,24047.35,24058.53,0
2026-01-06 11:59:00,24058.53,24058.69,24045.79,24047.04,0
2026-01-06 12:00:00,24047.04,24050.45,24033.77,24040.52,0
2026-01-06 12:01:00,24040.52,24044.13,24032.78,24043.94,0
2026-01-06 12:02:00,24043.94,24044.38,24039.42,24043.75,0
2026-01-06 12:03:00,24043.75,24045.06,24042.63,24044.55,0
2026-01-06 12:04:00,24044.55,24049.05,24037.92,24040.92,0
2026-01-06 12:05:00,24040.92,24052.27,24040.83,24051.22,0
2026-01-06 12:06:00,24051.22,24054.12,24041.76,24045.93,0
2026-01-06 12:07:00,24045.93,24052.61,24041.7,24049.32,0
2026-01-06 12:08:00,24049.32,24052.59,24041.54,24043.68,0
2026-01-06 12:09:00,24043.68,24047.65,24035.67,24039.14,0
2026-01-06 12:10:00,24039.14,24050.81,24036.86,24049.03,0
2026-01-06 12:11:00,24049.03,24056.55,24043.98,24047.0,0
2026-01-06 12:12:00,24047.0,24052.38,24041.72,24043.74,0
2026-01-06 12:13:00,24043.74,24056.47,24042.94,24050.87,0
2026-01-06 12:14:00,24050.87,24052.39,24041.06,24046.72,0
2026-01-06 12:15:00,24046.72,24055.42,24043.53,24052.17,0
2026-01-06 12:16:00,24052.17,24055.98,24041.06,24041.92,0
2026-01-06 12:17:00,24041.92,24044.26,24037.31,24037.34,0
2026-01-06 12:18:00,24037.34,24039.21,24027.76,24030.29,0
2026-01-06 12:19:00,24030.29,24035.77,24017.32,24018.81,0
2026-01-06 12:20:00,24018.81,24028.95,24016.65,24023.37,0
2026-01-06 12:21:00,24023.37,24026.61,24016.9,24021.28,0
2026-01-06 12:22:00,24021.28,24027.37,24015.25,24015.98,0
2026-01-06 12:23:00,24015.98,24023.11,24014.2,24018.05,0
2026-01-06 12:24:00,24018.05,24025.87,24016.06,24021.11,0
2026-01-06 12:25:00,24021.11,24024.65,24016.48,24019.29,0
2026-01-06 12:26:00,24019.29,24019.73,24015.16,24015.31,0
2026-01-06 12:27:00,24015.31,24026.17,24012.09,24025.31,0
2026-01-06 12:28:00,24025.31,24037.42,24025.01,24034.57,0
2026-01-06 12:29:00,24034.57,24040.19,24027.18,24030.25,0
2026-01-06 12:30:00,24030.25,24038.13,24026.29,24035.72,0
2026-01-06 12:31:00,24035.72,24037.62,24033.9,24036.89,0
2026-01-06 12:32:00,24036.89,24045.05,24034.37,24040.83,0
2026-01-06 12:33:00,24040.83,24049.66,24038.74,24046.7,0
2026-01-06 12:34:00,24046.7,24048.5,24043.79,24047.77,0
2026-01-06 12:35:00,24047.77,24051.11,24045.04,24047.67,0
2026-01-06 12:36:00,24047.67,24050.18,24045.41,24048.48,0
2026-01-06 12:37:00,24048.48,24049.09,24045.24,24045.31,0
2026-01-06 12:38:00,24045.31,24065.12,24043.01,24063.2,0
2026-01-06 12:39:00,24063.2,24065.33,24057.08,24058.04,0
2026-01-06 12:40:00,24058.04,24062.3,24053.2,24059.19,0
2026-01-06 12:41:00,24059.19,24062.42,24048.8,24055.81,0
2026-01-06 12:42:00,24055.81,24056.64,24055.19,24055.77,0
2026-01-06 12:43:00,24055.77,24060.22,24055.28,24059.38,0
2026-01-06 12:44:00,24059.38,24061.52,24041.0,24048.02,0
2026-01-06 12:45:00,24048.02,24052.72,24047.44,24051.79,0
2026-01-06 12:46:00,24051.79,24053.54,24041.33,24046.87,0
2026-01-06 12:47:00,24046.87,24057.43,24043.0,24057.25,0
2026-01-06 12:48:00,24057.25,24063.06,24046.28,24047.73,0
2026-01-06 12:49:00,24047.73,24049.4,24041.91,24042.48,0
2026-01-06 12:50:00,24042.48,24062.61,24042.33,24060.63,0
2026-01-06 12:51:00,24060.63,24062.39,24057.83,24062.28,0
2026-01-06 12:52:00,24062.28,24076.67,24061.8,24072.94,0
2026-01-06 12:53:00,24072.94,24074.0,24066.75,24071.35,0
2026-01-06 12:54:00,24071.35,24078.3,24059.22,24060.8,0
2026-01-06 12:55:00,24060.8,24062.17,24053.7,24061.95,0
2026-01-06 12:56:00,24061.95,24064.22,24055.47,24059.71,0
2026-01-06 12:57:00,24059.71,24061.8,24052.58,24054.22,0
2026-01-06 12:58:00,24054.22,24055.76,24052.27,24054.08,0
2026-01-06 12:59:00,24054.08,24054.63,24052.42,24054.51,0
2026-01-06 13:00:00,24054.51,24054.94,24053.68,24054.09,0
2026-01-06 13:01:00,24054.09,24060.79,24048.67,24050.22,0
2026-01-06 13:02:00,24050.22,24059.67,24046.01,24052.79,0
2026-01-06 13:03:00,24052.79,24054.88,24040.94,24043.45,0
2026-01-06 13:04:00,24043.45,24058.71,24041.14,24054.76,0
2026-01-06 13:05:00,24054.76,24057.37,24046.89,24047.7,0
2026-01-06 13:06:00,24047.7,24053.79,24046.54,24050.73,0
2026-01-06 13:07:00,24050.73,24050.91,24047.32,24048.33,0
2026-01-06 13:08:00,24048.33,24052.04,24042.88,24046.6,0
2026-01-06 13:09:00,24046.6,24056.5,24043.53,24056.18,0
2026-01-06 13:10:00,24056.18,24060.82,24054.74,24058.85,0
2026-01-06 13:11:00,24058.85,24060.57,24051.23,24054.27,0
2026-01-06 13:12:00,24054.27,24060.16,24042.62,24048.89,0
2026-01-06 13:13:00,24048.89,24065.79,24046.66,24059.83,0
2026-01-06 13:14:00,24059.83,24061.63,24055.36,24057.8,0
2026-01-06 13:15:00,24057.8,24058.59,24055.79,24058.49,0
2026-01-06 13:16:00,24058.49,24065.43,24039.54,24046.37,0
2026-01-06 13:17:00,24046.37,24048.4,24044.78,24046.21,0
2026-01-06 13:18:00,24046.21,24048.48,24045.84,24047.85,0
2026-01-06 13:19:00,24047.85,24048.38,24042.83,24042.9,0
2026-01-06 13:20:00,24042.9,24047.39,24042.78,24044.82,0
2026-01-06 13:21:00,24044.82,24046.92,24041.63,24045.11,0
2026-01-06 13:22:00,24045.11,24050.58,24043.32,24047.63,0
2026-01-06 13:23:00,24047.63,24049.1,24044.71,24045.42,0
2026-01-06 13:24:00,24045.42,24054.45,24044.94,24049.79,0
2026-01-06 13:25:00,24049.79,24050.92,24045.32,24045.93,0
2026-01-06 13:26:00,24045.93,24048.15,24040.18,24040.49,0
2026-01-06 13:27:00,24040.49,24048.1,24037.43,24044.52,0
2026-01-06 13:28:00,24044.52,24051.18,24044.19,24047.51,0
2026-01-06 13:29:00,24047.51,24049.96,24044.46,24049.62,0
2026-01-06 13:30:00,24049.62,24050.62,24048.26,24049.27,0
2026-01-06 13:31:00,24049.27,24052.54,24039.21,24044.23,0
2026-01-06 13:32:00,24044.23,24044.26,24040.29,24043.17,0
2026-01-06 13:33:00,24043.17,24044.81,24037.82,24039.52,0
2026-01-06 13:34:00,24039.52,24049.16,24038.32,24043.95,0
2026-01-06 13:35:00,24043.95,24049.39,24041.03,24046.61,0
2026-01-06 13:36:00,24046.61,24053.98,24043.21,24053.88,0
2026-01-06 13:37:00,24053.88,24059.74,24050.61,24056.29,0
2026-01-06 13:38:00,24056.29,24066.66,24054.25,24061.17,0
2026-01-06 13:39:00,24061.17,24073.38,24057.77,24069.7,0
2026-01-06 13:40:00,24069.7,24083.28,24066.34,24080.99,0
2026-01-06 13:41:00,24080.99,24084.67,24078.69,24079.0,0
2026-01-06 13:42:00,24079.0,24079.14,24075.72,24077.81,0
2026-01-06 13:43:00,24077.81,24078.38,24075.67,24076.94,0
2026-01-06 13:44:00,24076.94,24082.47,24075.58,24076.91,0
2026-01-06 13:45:00,24076.91,24078.04,24075.03,24077.41,0
2026-01-06 13:46:00,24077.41,24085.93,24074.18,24085.48,0
2026-01-06 13:47:00,24085.48,24085.89,24080.77,24082.1,0
2026-01-06 13:48:00,24082.1,24092.1,24080.63,24088.61,0
2026-01-06 13:49:00,24088.61,24093.01,24088.47,24089.47,0
2026-01-06 13:50:00,24089.47,24090.98,24087.56,24088.91,0
2026-01-06 13:51:00,24088.91,24095.72,24085.65,24090.72,0
2026-01-06 13:52:00,24090.72,24098.56,24090.69,24095.43,0
2026-01-06 13:53:00,24095.43,24098.68,24085.56,24091.84,0
2026-01-06 13:54:00,24091.84,24093.86,24085.09,24087.04,0
2026-01-06 13:55:00,24087.04,24092.7,24076.49,24080.85,0
2026-01-06 13:56:00,24080.85,24084.46,24080.69,24081.77,0
2026-01-06 13:57:00,24081.77,24094.95,24078.44,24087.18,0
2026-01-06 13:58:00,24087.18,24097.86,24084.87,24091.62,0
2026-01-06 13:59:00,24091.62,24095.04,24079.74,24080.94,0
2026-01-06 14:00:00,24080.94,24096.28,24080.92,24094.45,0
2026-01-06 14:01:00,24094.45,24102.66,24092.34,24100.74,0
2026-01-06 14:02:00,24100.74,24100.95,24095.26,24098.5,0
2026-01-06 14:03:00,24098.5,24103.04,24098.29,24101.41,0
2026-01-06 14:04:00,24101.41,24112.59,24097.49,24111.61,0
2026-01-06 14:05:00,24111.61,24113.88,24102.53,24108.33,0
2026-01-06 14:06:00,24108.33,24110.04,24106.85,24109.52,0
2026-01-06 14:07:00,24109.52,24110.56,24103.7,24105.85,0
2026-01-06 14:08:00,24105.85,24107.64,24091.05,24092.7,0
2026-01-06 14:09:00,24092.7,24095.87,24089.14,24089.55,0
2026-01-06 14:10:00,24089.55,24095.01,24088.07,24094.26,0
2026-01-06 14:11:00,24094.26,24105.33,24091.49,24102.4,0
2026-01-06 14:12:00,24102.4,24110.32,24102.02,24109.34,0
2026-01-06 14:13:00,24109.34,24117.68,24108.98,24116.02,0
2026-01-06 14:14:00,24116.02,24119.4,24115.19,24118.28,0
2026-01-06 14:15:00,24118.28,24124.72,24116.11,24124.18,0
2026-01-06 14:16:00,24124.18,24132.59,24121.98,24130.61,0
2026-01-06 14:17:00,24130.61,24134.54,24121.79,24123.65,0
2026-01-06 14:18:00,24123.65,24131.0,24119.98,24126.5,0
2026-01-06 14:19:00,24126.5,24130.9,24124.3,24128.34,0
2026-01-06 14:20:00,24128.34,24130.42,24126.04,24126.68,0
2026-01-06 14:21:00,24126.68,24136.72,24124.01,24133.76,0
2026-01-06 14:22:00,24133.76,24139.55,24132.33,24139.34,0
2026-01-06 14:23:00,24139.34,24142.61,24134.74,24135.96,0
2026-01-06 14:24:00,24135.96,24144.63,24130.65,24132.1,0
2026-01-06 14:25:00,24132.1,24142.61,24131.17,24142.0,0
2026-01-06 14:26:00,24142.0,24148.8,24139.25,24146.46,0
2026-01-06 14:27:00,24146.46,24153.27,24144.66,24148.72,0
2026-01-06 14:28:00,24148.72,24153.4,24143.97,24152.04,0
2026-01-06 14:29:00,24152.04,24153.57,24147.31,24149.55,0
2026-01-06 14:30:00,24149.55,24153.15,24139.8,24144.15,0
2026-01-06 14:31:00,24144.15,24145.72,24133.08,24136.35,0
2026-01-06 14:32:00,24136.35,24141.29,24135.45,24135.65,0
2026-01-06 14:33:00,24135.65,24136.68,24124.25,24128.85,0
2026-01-06 14:34:00,24128.85,24132.34,24128.66,24131.54,0
2026-01-06 14:35:00,24131.54,24131.94,24127.17,24131.14,0
2026-01-06 14:36:00,24131.14,24131.24,24112.94,24115.75,0
2026-01-06 14:37:00,24115.75,24117.03,24107.07,24113.02,0
2026-01-06 14:38:00,24113.02,24114.85,24105.27,24108.44,0
2026-01-06 14:39:00,24108.44,24110.82,24105.98,24110.4,0
2026-01-06 14:40:00,24110.4,24112.83,24102.52,24104.5,0
2026-01-06 14:41:00,24104.5,24109.36,24098.82,24108.01,0
2026-01-06 14:42:00,24108.01,24108.02,24100.48,24101.51,0
2026-01-06 14:43:00,24101.51,24108.59,24098.4,24106.18,0
2026-01-06 14:44:00,24106.18,24106.82,24101.61,24103.94,0
2026-01-06 14:45:00,24103.94,24107.11,24096.62,24101.39,0
2026-01-06 14:46:00,24101.39,24105.83,24095.49,24105.31,0
2026-01-06 14:47:00,24105.31,24112.12,24105.25,24111.19,0
2026-01-06 14:48:00,24111.19,24112.58,24100.19,24104.73,0
2026-01-06 14:49:00,24104.73,24115.14,24097.2,24099.77,0
2026-01-06 14:50:00,24099.77,24100.16,24091.39,24092.57,0
2026-01-06 14:51:00,24092.57,24095.09,24083.95,24087.09,0
2026-01-06 14:52:00,24087.09,24092.96,24076.81,24078.44,0
2026-01-06 14:53:00,24078.44,24080.8,24070.19,24071.88,0
2026-01-06 14:54:00,24071.88,24074.13,24060.11,24065.63,0
2026-01-06 14:55:00,24065.63,24069.0,24059.32,24060.08,0
2026-01-06 14:56:00,24060.08,24061.63,24049.52,24052.27,0
2026-01-06 14:57:00,24052.27,24057.69,24051.1,24052.14,0
2026-01-06 14:58:00,24052.14,24056.95,24046.58,24054.65,0
2026-01-06 14:59:00,24054.65,24056.09,24053.01,24053.13,0
2026-01-06 15:00:00,24053.13,24063.19,24049.21,24060.37,0
2026-01-06 15:01:00,24060.37,24062.76,24041.85,24043.87,0
2026-01-06 15:02:00,24043.87,24048.69,24040.32,24046.63,0
2026-01-06 15:03:00,24046.63,24047.35,24044.35,24046.11,0
2026-01-06 15:04:00,24046.11,24049.08,24034.76,24040.53,0
2026-01-06 15:05:00,24040.53,24056.34,24039.86,24055.77,0
2026-01-06 15:06:00,24055.77,24058.56,24045.19,24046.8,0
2026-01-06 15:07:00,24046.8,24057.97,24046.73,24055.41,0
2026-01-06 15:08:00,24055.41,24063.11,24054.43,24059.77,0
2026-01-06 15:09:00,24059.77,24063.58,24056.27,24056.32,0
2026-01-06 15:10:00,24056.32,24060.62,24045.39,24055.45,0
2026-01-06 15:11:00,24055.45,24058.2,24050.02,24051.41,0
2026-01-06 15:12:00,24051.41,24055.16,24051.33,24053.95,0
2026-01-06 15:13:00,24053.95,24055.43,24050.02,24051.1,0
2026-01-06 15:14:00,24051.1,24051.89,24035.92,24040.04,0
2026-01-06 15:15:00,24040.04,24040.48,24032.77,24032.95,0
2026-01-06 15:16:00,24032.95,24036.26,24032.35,24033.64,0
2026-01-06 15:17:00,24033.64,24034.78,24026.1,24028.16,0
2026-01-06 15:18:00,24028.16,24042.49,24025.75,24038.69,0
2026-01-06 15:19:00,24038.69,24041.51,24035.03,24035.95,0
2026-01-06 15:20:00,24035.95,24049.95,24029.35,24047.83,0
2026-01-06 15:21:00,24047.83,24051.71,24038.74,24040.28,0
2026-01-06 15:22:00,24040.28,24041.19,24034.94,24040.29,0
2026-01-06 15:23:00,24040.29,24042.83,24029.43,24035.33,0
2026-01-06 15:24:00,24035.33,24039.72,24029.24,24037.38,0
2026-01-06 15:25:00,24037.38,24044.72,24028.03,24028.24,0
2026-01-06 15:26:00,24028.24,24031.48,24027.82,24028.5,0
2026-01-06 15:27:00,24028.5,24030.73,24018.64,24024.34,0
2026-01-06 15:28:00,24024.34,24024.86,24013.67,24013.75,0
2026-01-06 15:29:00,24013.75,24018.66,24012.25,24017.45,0
2026-01-07 09:15:00,24017.45,24022.78,24016.07,24022.34,0
2026-01-07 09:16:00,24022.34,24025.24,24020.6,24021.22,0
2026-01-07 09:17:00,24021.22,24021.85,24015.4,24019.41,0
2026-01-07 09:18:00,24019.41,24028.59,24017.6,24027.26,0
2026-01-07 09:19:00,24027.26,24031.31,24027.19,24029.03,0
2026-01-07 09:20:00,24029.03,24032.03,24026.67,24030.62,0
2026-01-07 09:21:00,24030.62,24039.75,24028.63,24035.85,0
2026-01-07 09:22:00,24035.85,24039.27,24034.5,24038.47,0
2026-01-07 09:23:00,24038.47,24040.46,24027.17,24027.77,0
2026-01-07 09:24:00,24027.77,24030.66,24020.61,24024.45,0
2026-01-07 09:25:00,24024.45,24029.73,24011.7,24013.62,0
2026-01-07 09:26:00,24013.62,24030.0,24013.55,24027.84,0
2026-01-07 09:27:00,24027.84,24028.31,24024.17,24024.8,0
2026-01-07 09:28:00,24024.8,24028.03,24017.96,24020.31,0
2026-01-07 09:29:00,24020.31,24021.98,24015.65,24017.27,0
2026-01-07 09:30:00,24017.27,24018.33,24013.56,24014.66,0
2026-01-07 09:31:00,24014.66,24014.97,24006.52,24007.18,0
2026-01-07 09:32:00,24007.18,24020.7,24004.27,24017.41,0
2026-01-07 09:33:00,24017.41,24018.48,24011.71,24012.69,0
2026-01-07 09:34:00,24012.69,24016.91,24007.44,24014.32,0
2026-01-07 09:35:00,24014.32,24018.31,24007.51,24010.5,0
2026-01-07 09:36:00,24010.5,24017.65,24007.8,24015.37,0
2026-01-07 09:37:00,24015.37,24016.43,24013.92,24014.73,0
2026-01-07 09:38:00,24014.73,24022.06,24011.34,24018.71,0
2026-01-07 09:39:00,24018.71,24021.7,24013.13,24017.48,0
2026-01-07 09:40:00,24017.48,24021.9,24007.86,24011.87,0
2026-01-07 09:41:00,24011.87,24016.91,24007.42,24015.13,0
2026-01-07 09:42:00,24015.13,24018.24,24012.74,24016.8,0
2026-01-07 09:43:00,24016.8,24019.1,24008.58,24009.29,0
2026-01-07 09:44:00,24009.29,24010.89,24002.69,24004.99,0
2026-01-07 09:45:00,24004.99,24006.36,23997.4,24002.36,0
2026-01-07 09:46:00,24002.36,24011.62,23997.65,24011.14,0
2026-01-07 09:47:00,24011.14,24013.02,24010.09,24012.8,0
2026-01-07 09:48:00,24012.8,24017.15,24010.03,24016.19,0
2026-01-07 09:49:00,24016.19,24021.85,24014.97,24021.21,0
2026-01-07 09:50:00,24021.21,24023.29,24015.03,24018.33,0
2026-01-07 09:51:00,24018.33,24020.58,24013.19,24017.37,0
2026-01-07 09:52:00,24017.37,24021.07,24017.27,24021.0,0
2026-01-07 09:53:00,24021.0,24030.72,24020.79,24026.24,0
2026-01-07 09:54:00,24026.24,24030.47,24022.99,24027.97,0
2026-01-07 09:55:00,24027.97,24032.93,24023.91,24032.27,0
2026-01-07 09:56:00,24032.27,24040.75,24025.82,24039.1,0
2026-01-07 09:57:00,24039.1,24040.37,24038.07,24039.09,0
2026-01-07 09:58:00,24039.09,24039.18,24027.82,24033.45,0
2026-01-07 09:59:00,24033.45,24034.73,24029.97,24032.94,0
2026-01-07 10:00:00,24032.94,24037.11,24028.91,24030.86,0
2026-01-07 10:01:00,24030.86,24036.49,24027.77,24030.05,0
2026-01-07 10:02:00,24030.05,24034.43,24023.75,24025.3,0
2026-01-07 10:03:00,24025.3,24026.87,24017.42,24018.83,0
2026-01-07 10:04:00,24018.83,24018.9,24016.57,24017.47,0
2026-01-07 10:05:00,24017.47,24022.66,24014.02,24014.29,0
2026-01-07 10:06:00,24014.29,24026.01,24013.47,24021.81,0
2026-01-07 10:07:00,24021.81,24022.43,24014.81,24017.44,0
2026-01-07 10:08:00,24017.44,24021.21,24016.38,24019.5,0
2026-01-07 10:09:00,24019.5,24021.01,24017.1,24018.29,0
2026-01-07 10:10:00,24018.29,24018.46,24007.45,24009.68,0
2026-01-07 10:11:00,24009.68,24009.99,24000.63,24003.19,0
2026-01-07 10:12:00,24003.19,24005.1,23995.07,24001.0,0
2026-01-07 10:13:00,24001.0,24008.86,23998.24,24005.86,0
2026-01-07 10:14:00,24005.86,24020.24,24004.34,24015.4,0
2026-01-07 10:15:00,24015.4,24023.61,24012.68,24019.72,0
2026-01-07 10:16:00,24019.72,24020.3,24010.21,24015.84,0
2026-01-07 10:17:00,24015.84,24021.21,24014.54,24019.57,0
2026-01-07 10:18:00,24019.57,24024.97,24018.67,24022.71,0
2026-01-07 10:19:00,24022.71,24030.17,24021.32,24025.75,0
2026-01-07 10:20:00,24025.75,24028.22,24022.74,24026.7,0
2026-01-07 10:21:00,24026.7,24028.08,24023.93,24024.33,0
2026-01-07 10:22:00,24024.33,24029.7,24024.08,24024.71,0
2026-01-07 10:23:00,24024.71,24035.35,24020.88,24032.95,0
2026-01-07 10:24:00,24032.95,24035.64,24029.8,24031.99,0
2026-01-07 10:25:00,24031.99,24032.77,24028.05,24028.43,0
2026-01-07 10:26:00,24028.43,24032.2,24026.13,24028.22,0
2026-01-07 10:27:00,24028.22,24033.27,24017.15,24018.47,0
2026-01-07 10:28:00,24018.47,24018.51,24013.09,24014.73,0
2026-01-07 10:29:00,24014.73,24025.82,24013.39,24024.93,0
2026-01-07 10:30:00,24024.93,24026.61,24016.74,24020.67,0
2026-01-07 10:31:00,24020.67,24034.09,24018.1,24028.43,0
2026-01-07 10:32:00,24028.43,24039.99,24024.11,24037.6,0
2026-01-07 10:33:00,24037.6,24039.3,24034.62,24035.82,0
2026-01-07 10:34:00,24035.82,24038.4,24028.34,24031.13,0
2026-01-07 10:35:00,24031.13,24035.27,24023.36,24023.42,0
2026-01-07 10:36:00,24023.42,24029.01,24021.7,24025.16,0
2026-01-07 10:37:00,24025.16,24033.38,24019.18,24029.14,0
2026-01-07 10:38:00,24029.14,24032.66,24020.91,24021.03,0
2026-01-07 10:39:00,24021.03,24025.93,24019.96,24023.81,0
2026-01-07 10:40:00,24023.81,24024.49,24020.95,24022.61,0
2026-01-07 10:41:00,24022.61,24025.39,24007.01,24007.74,0
2026-01-07 10:42:00,24007.74,24010.47,24007.01,24008.65,0
2026-01-07 10:43:00,24008.65,24008.88,24005.39,24008.58,0
2026-01-07 10:44:00,24008.58,24009.3,23995.58,23998.65,0
2026-01-07 10:45:00,23998.65,24002.97,23993.69,23996.82,0
2026-01-07 10:46:00,23996.82,23998.52,23993.5,23996.24,0
2026-01-07 10:47:00,23996.24,24001.09,23989.11,23990.6,0
2026-01-07 10:48:00,23990.6,23991.52,23985.44,23988.56,0
2026-01-07 10:49:00,23988.56,23989.63,23983.01,23983.44,0
2026-01-07 10:50:00,23983.44,23987.31,23980.46,23985.82,0
2026-01-07 10:51:00,23985.82,23999.91,23980.43,23998.74,0
2026-01-07 10:52:00,23998.74,24002.79,23985.59,23986.58,0
2026-01-07 10:53:00,23986.58,23988.35,23984.75,23987.37,0
2026-01-07 10:54:00,23987.37,23988.51,23976.28,23980.01,0
2026-01-07 10:55:00,23980.01,23987.58,23978.49,23986.58,0
2026-01-07 10:56:00,23986.58,23990.04,23977.34,23982.54,0
2026-01-07 10:57:00,23982.54,23986.7,23981.12,23986.36,0
2026-01-07 10:58:00,23986.36,23990.15,23978.22,23980.47,0
2026-01-07 10:59:00,23980.47,23983.32,23971.79,23974.98,0
2026-01-07 11:00:00,23974.98,23981.45,23973.79,23978.68,0
2026-01-07 11:01:00,23978.68,23982.78,23975.77,23981.53,0
2026-01-07 11:02:00,23981.53,23986.08,23972.84,23976.71,0
2026-01-07 11:03:00,23976.71,23978.05,23974.41,23976.65,0
2026-01-07 11:04:00,23976.65,23980.46,23975.52,23975.77,0
2026-01-07 11:05:00,23975.77,23980.79,23973.04,23976.92,0
2026-01-07 11:06:00,23976.92,23982.66,23976.28,23981.62,0
2026-01-07 11:07:00,23981.62,23982.26,23974.09,23979.65,0
2026-01-07 11:08:00,23979.65,23988.61,23978.17,23984.09,0
2026-01-07 11:09:00,23984.09,23985.7,23979.3,23984.22,0
2026-01-07 11:10:00,23984.22,23988.75,23980.28,23983.66,0
2026-01-07 11:11:00,23983.66,23984.81,23977.06,23980.8,0
2026-01-07 11:12:00,23980.8,23981.05,23977.27,23978.88,0
2026-01-07 11:13:00,23978.88,23980.23,23978.64,23979.22,0
2026-01-07 11:14:00,23979.22,23989.0,23978.83,23984.99,0
2026-01-07 11:15:00,23984.99,23988.62,23984.15,23986.15,0
2026-01-07 11:16:00,23986.15,23989.35,23977.36,23980.05,0
2026-01-07 11:17:00,23980.05,23988.19,23974.78,23985.41,0
2026-01-07 11:18:00,23985.41,23987.86,23975.08,23979.4,0
2026-01-07 11:19:00,23979.4,23983.68,23971.49,23973.86,0
2026-01-07 11:20:00,23973.86,23975.94,23961.68,23963.7,0
2026-01-07 11:21:00,23963.7,23970.97,23962.38,23962.53,0
2026-01-07 11:22:00,23962.53,23963.63,23959.94,23960.77,0
2026-01-07 11:23:00,23960.77,23962.41,23945.28,23950.46,0
2026-01-07 11:24:00,23950.46,23960.41,23948.41,23959.37,0
2026-01-07 11:25:00,23959.37,23964.71,23957.29,23961.65,0
2026-01-07 11:26:00,23961.65,23962.12,23954.51,23954.92,0
2026-01-07 11:27:00,23954.92,23966.65,23953.41,23963.2,0
2026-01-07 11:28:00,23963.2,23971.35,23958.77,23970.21,0
2026-01-07 11:29:00,23970.21,23971.35,23965.11,23967.76,0
2026-01-07 11:30:00,23967.76,23969.78,23957.43,23962.49,0
2026-01-07 11:31:00,23962.49,23963.6,23961.55,23963.44,0
2026-01-07 11:32:00,23963.44,23972.41,23963.37,23966.31,0
2026-01-07 11:33:00,23966.31,23967.58,23964.03,23966.82,0
2026-01-07 11:34:00,23966.82,23978.19,23964.11,23976.91,0
2026-01-07 11:35:00,23976.91,23977.18,23971.74,23973.43,0
2026-01-07 11:36:00,23973.43,23976.3,23965.52,23968.47,0
2026-01-07 11:37:00,23968.47,23974.46,23967.13,23973.23,0
2026-01-07 11:38:00,23973.23,23986.42,23972.76,23985.66,0
2026-01-07 11:39:00,23985.66,23990.89,23981.8,23988.4,0
2026-01-07 11:40:00,23988.4,23992.12,23986.59,23989.99,0
2026-01-07 11:41:00,23989.99,23998.02,23989.68,23997.88,0
2026-01-07 11:42:00,23997.88,24007.44,23995.66,23998.93,0
2026-01-07 11:43:00,23998.93,24002.64,23997.79,24002.16,0
2026-01-07 11:44:00,24002.16,24002.68,23994.46,23997.96,0
2026-01-07 11:45:00,23997.96,24001.84,23989.96,23997.37,0
2026-01-07 11:46:00,23997.37,23998.15,23994.68,23994.72,0
2026-01-07 11:47:00,23994.72,23996.63,23981.56,23985.16,0
2026-01-07 11:48:00,23985.16,23988.01,23974.56,23977.72,0
2026-01-07 11:49:00,23977.72,23979.57,23972.83,23974.54,0
2026-01-07 11:50:00,23974.54,23978.74,23961.14,23962.84,0
2026-01-07 11:51:00,23962.84,23967.65,23959.22,23959.45,0
2026-01-07 11:52:00,23959.45,23961.29,23950.22,23952.31,0
2026-01-07 11:53:00,23952.31,23953.27,23943.97,23946.5,0
2026-01-07 11:54:00,23946.5,23952.49,23938.47,23948.52,0
2026-01-07 11:55:00,23948.52,23948.85,23942.72,23942.81,0
2026-01-07 11:56:00,23942.81,23948.15,23941.5,23947.2,0
2026-01-07 11:57:00,23947.2,23959.61,23944.08,23959.33,0
2026-01-07 11:58:00,23959.33,23963.53,23958.26,23961.22,0
2026-01-07 11:59:00,23961.22,23963.28,23960.4,23962.3,0
2026-01-07 12:00:00,23962.3,23967.75,23958.55,23967.19,0
2026-01-07 12:01:00,23967.19,23973.3,23963.7,23972.25,0
2026-01-07 12:02:00,23972.25,23973.9,23967.57,23968.48,0
2026-01-07 12:03:00,23968.48,23972.78,23949.72,23952.94,0
2026-01-07 12:04:00,23952.94,23966.48,23950.31,23961.04,0
2026-01-07 12:05:00,23961.04,23968.76,23959.1,23967.34,0
2026-01-07 12:06:00,23967.34,23967.37,23963.83,23964.48,0
2026-01-07 12:07:00,23964.48,23968.94,23963.88,23966.9,0
2026-01-07 12:08:00,23966.9,23968.52,23961.68,23962.86,0
2026-01-07 12:09:00,23962.86,23966.48,23952.11,23953.3,0
2026-01-07 12:10:00,23953.3,23954.08,23942.44,23950.11,0
2026-01-07 12:11:00,23950.11,23950.84,23945.91,23948.15,0
2026-01-07 12:12:00,23948.15,23949.03,23935.38,23936.75,0
2026-01-07 12:13:00,23936.75,23943.01,23933.71,23939.57,0
2026-01-07 12:14:00,23939.57,23941.4,23932.55,23933.52,0
2026-01-07 12:15:00,23933.52,23937.94,23927.08,23928.89,0
2026-01-07 12:16:00,23928.89,23930.07,23921.51,23923.96,0
2026-01-07 12:17:00,23923.96,23930.87,23919.93,23929.77,0
2026-01-07 12:18:00,23929.77,23933.92,23926.75,23932.14,0
2026-01-07 12:19:00,23932.14,23933.48,23927.88,23928.37,0
2026-01-07 12:20:00,23928.37,23932.04,23926.62,23928.59,0
2026-01-07 12:21:00,23928.59,23930.7,23924.96,23930.62,0
2026-01-07 12:22:00,23930.62,23931.26,23923.13,23924.3,0
2026-01-07 12:23:00,23924.3,23927.54,23924.16,23926.15,0
2026-01-07 12:24:00,23926.15,23927.38,23920.67,23923.56,0
2026-01-07 12:25:00,23923.56,23924.53,23911.67,23915.8,0
2026-01-07 12:26:00,23915.8,23917.96,23911.23,23912.83,0
2026-01-07 12:27:00,23912.83,23915.14,23911.35,23912.57,0
2026-01-07 12:28:00,23912.57,23912.99,23900.13,23902.68,0
2026-01-07 12:29:00,23902.68,23913.19,23900.36,23905.02,0
2026-01-07 12:30:00,23905.02,23913.48,23903.98,23906.42,0
2026-01-07 12:31:00,23906.42,23907.27,23902.1,23906.97,0
2026-01-07 12:32:00,23906.97,23908.73,23904.16,23908.3,0
2026-01-07 12:33:00,23908.3,23912.75,23908.25,23912.61,0
2026-01-07 12:34:00,23912.61,23914.19,23909.72,23910.01,0
2026-01-07 12:35:00,23910.01,23917.9,23908.22,23916.59,0
2026-01-07 12:36:00,23916.59,23919.25,23914.24,23915.3,0
2026-01-07 12:37:00,23915.3,23919.03,23914.78,23917.51,0
2026-01-07 12:38:00,23917.51,23917.9,23903.4,23904.02,0
2026-01-07 12:39:00,23904.02,23907.01,23900.51,23904.8,0
2026-01-07 12:40:00,23904.8,23906.61,23901.94,23904.02,0
2026-01-07 12:41:00,23904.02,23909.27,23901.12,23906.1,0
2026-01-07 12:42:00,23906.1,23921.51,23903.05,23917.71,0
2026-01-07 12:43:00,23917.71,23927.35,23912.82,23925.63,0
2026-01-07 12:44:00,23925.63,23936.15,23924.2,23932.56,0
2026-01-07 12:45:00,23932.56,23936.17,23917.24,23921.2,0
2026-01-07 12:46:00,23921.2,23921.57,23916.09,23918.34,0
2026-01-07 12:47:00,23918.34,23921.53,23917.61,23917.85,0
2026-01-07 12:48:00,23917.85,23922.11,23913.55,23921.87,0
2026-01-07 12:49:00,23921.87,23931.07,23915.27,23916.08,0
2026-01-07 12:50:00,23916.08,23927.01,23911.1,23923.7,0
2026-01-07 12:51:00,23923.7,23928.66,23923.65,23926.92,0
2026-01-07 12:52:00,23926.92,23927.47,23913.13,23915.76,0
2026-01-07 12:53:00,23915.76,23916.33,23900.79,23903.18,0
2026-01-07 12:54:00,23903.18,23913.6,23901.29,23910.91,0
2026-01-07 12:55:00,23910.91,23913.87,23898.44,23899.99,0
2026-01-07 12:56:00,23899.99,23915.37,23895.98,23912.04,0
2026-01-07 12:57:00,23912.04,23915.97,23905.65,23914.53,0
2026-01-07 12:58:00,23914.53,23914.72,23899.2,23899.84,0
2026-01-07 12:59:00,23899.84,23917.49,23893.24,23912.25,0
2026-01-07 13:00:00,23912.25,23915.89,23908.28,23913.03,0
2026-01-07 13:01:00,23913.03,23917.07,23912.5,23916.02,0
2026-01-07 13:02:00,23916.02,23919.6,23907.95,23913.64,0
2026-01-07 13:03:00,23913.64,23919.7,23910.26,23911.03,0
2026-01-07 13:04:00,23911.03,23911.55,23905.54,23910.84,0
2026-01-07 13:05:00,23910.84,23911.61,23908.04,23910.22,0
2026-01-07 13:06:00,23910.22,23911.5,23909.49,23910.09,0
2026-01-07 13:07:00,23910.09,23929.46,23907.59,23928.31,0
2026-01-07 13:08:00,23928.31,23942.09,23925.93,23939.57,0
2026-01-07 13:09:00,23939.57,23946.14,23937.6,23943.75,0
2026-01-07 13:10:00,23943.75,23954.92,23939.81,23951.98,0
2026-01-07 13:11:00,23951.98,23951.98,23946.92,23949.05,0
2026-01-07 13:12:00,23949.05,23957.06,23947.69,23954.64,0
2026-01-07 13:13:00,23954.64,23965.72,23951.03,23958.05,0
2026-01-07 13:14:00,23958.05,23958.32,23949.68,23951.53,0
2026-01-07 13:15:00,23951.53,23952.66,23947.88,23951.33,0
2026-01-07 13:16:00,23951.33,23956.45,23949.24,23953.24,0
2026-01-07 13:17:00,23953.24,23953.58,23951.02,23952.67,0
2026-01-07 13:18:00,23952.67,23956.32,23943.56,23944.59,0
2026-01-07 13:19:00,23944.59,23952.53,23934.99,23938.35,0
2026-01-07 13:20:00,23938.35,23940.46,23930.01,23931.56,0
2026-01-07 13:21:00,23931.56,23935.48,23915.23,23917.47,0
2026-01-07 13:22:00,23917.47,23922.74,23916.58,23921.33,0
2026-01-07 13:23:00,23921.33,23921.95,23915.99,23921.95,0
2026-01-07 13:24:00,23921.95,23922.07,23909.24,23913.36,0
2026-01-07 13:25:00,23913.36,23914.91,23909.69,23910.17,0
2026-01-07 13:26:00,23910.17,23915.89,23905.79,23913.0,0
2026-01-07 13:27:00,23913.0,23915.12,23912.08,23914.6,0
2026-01-07 13:28:00,23914.6,23916.9,23906.6,23909.61,0
2026-01-07 13:29:00,23909.61,23916.95,23898.23,23903.19,0
2026-01-07 13:30:00,23903.19,23905.42,23900.34,23903.25,0
2026-01-07 13:31:00,23903.25,23908.58,23886.58,23886.99,0
2026-01-07 13:32:00,23886.99,23895.53,23884.06,23895.4,0
2026-01-07 13:33:00,23895.4,23898.32,23889.91,23893.99,0
2026-01-07 13:34:00,23893.99,23895.16,23890.26,23892.63,0
2026-01-07 13:35:00,23892.63,23895.35,23886.76,23887.46,0
2026-01-07 13:36:00,23887.46,23896.22,23880.92,23895.6,0
2026-01-07 13:37:00,23895.6,23896.4,23882.76,23886.14,0
2026-01-07 13:38:00,23886.14,23886.44,23883.56,23885.2,0
2026-01-07 13:39:00,23885.2,23893.43,23881.57,23891.8,0
2026-01-07 13:40:00,23891.8,23892.66,23888.66,23890.7,0
2026-01-07 13:41:00,23890.7,23900.85,23886.55,23895.93,0
2026-01-07 13:42:00,23895.93,23901.02,23890.31,23898.05,0
2026-01-07 13:43:00,23898.05,23899.91,23893.89,23899.25,0
2026-01-07 13:44:00,23899.25,23907.58,23897.85,23906.94,0
2026-01-07 13:45:00,23906.94,23911.42,23904.69,23909.54,0
2026-01-07 13:46:00,23909.54,23914.13,23906.1,23912.93,0
2026-01-07 13:47:00,23912.93,23913.31,23902.38,23910.47,0
2026-01-07 13:48:00,23910.47,23924.04,23907.38,23922.93,0
2026-01-07 13:49:00,23922.93,23923.66,23912.2,23912.3,0
2026-01-07 13:50:00,23912.3,23913.52,23906.29,23908.88,0
2026-01-07 13:51:00,23908.88,23909.17,23902.62,23904.5,0
2026-01-07 13:52:00,23904.5,23908.89,23904.11,23908.47,0
2026-01-07 13:53:00,23908.47,23914.56,23906.71,23910.84,0
2026-01-07 13:54:00,23910.84,23912.65,23908.48,23912.18,0
2026-01-07 13:55:00,23912.18,23914.17,23909.51,23910.17,0
2026-01-07 13:56:00,23910.17,23914.07,23903.42,23907.91,0
2026-01-07 13:57:00,23907.91,23912.79,23906.81,23909.79,0
2026-01-07 13:58:00,23909.79,23910.41,23901.11,23901.76,0
2026-01-07 13:59:00,23901.76,23902.77,23895.8,23896.39,0
2026-01-07 14:00:00,23896.39,23900.02,23889.14,23891.51,0
2026-01-07 14:01:00,23891.51,23896.19,23888.54,23893.59,0
2026-01-07 14:02:00,23893.59,23900.54,23892.7,23898.8,0
2026-01-07 14:03:00,23898.8,23908.96,23895.71,23908.11,0
2026-01-07 14:04:00,23908.11,23915.04,23907.1,23914.49,0
2026-01-07 14:05:00,23914.49,23917.64,23911.02,23914.71,0
2026-01-07 14:06:00,23914.71,23918.82,23910.65,23913.58,0
2026-01-07 14:07:00,23913.58,23922.16,23910.33,23921.52,0
2026-01-07 14:08:00,23921.52,23924.73,23918.89,23923.08,0
2026-01-07 14:09:00,23923.08,23924.12,23907.39,23910.63,0
2026-01-07 14:10:00,23910.63,23918.79,23910.22,23913.21,0
2026-01-07 14:11:00,23913.21,23917.53,23907.78,23908.48,0
2026-01-07 14:12:00,23908.48,23911.11,23905.04,23909.48,0
2026-01-07 14:13:00,23909.48,23915.83,23907.92,23910.72,0
2026-01-07 14:14:00,23910.72,23918.48,23908.14,23913.59,0
2026-01-07 14:15:00,23913.59,23916.43,23913.51,23915.66,0
2026-01-07 14:16:00,23915.66,23919.92,23906.39,23907.92,0
2026-01-07 14:17:00,23907.92,23911.26,23901.93,23906.25,0
2026-01-07 14:18:00,23906.25,23912.81,23904.29,23909.36,0
2026-01-07 14:19:00,23909.36,23920.48,23908.19,23920.41,0
2026-01-07 14:20:00,23920.41,23922.24,23914.86,23917.99,0
2026-01-07 14:21:00,23917.99,23936.28,23917.62,23935.94,0
2026-01-07 14:22:00,23935.94,23941.45,23933.81,23940.56,0
2026-01-07 14:23:00,23940.56,23948.35,23937.44,23945.39,0
2026-01-07 14:24:00,23945.39,23947.82,23944.15,23944.96,0
2026-01-07 14:25:00,23944.96,23956.2,23943.52,23952.19,0
2026-01-07 14:26:00,23952.19,23952.48,23947.63,23948.56,0
2026-01-07 14:27:00,23948.56,23949.23,23939.52,23942.91,0
2026-01-07 14:28:00,23942.91,23946.94,23941.47,23944.46,0
2026-01-07 14:29:00,23944.46,23947.64,23941.12,23945.74,0
2026-01-07 14:30:00,23945.74,23948.21,23941.2,23942.03,0
2026-01-07 14:31:00,23942.03,23942.66,23933.57,23936.01,0
2026-01-07 14:32:00,23936.01,23936.79,23928.61,23933.9,0
2026-01-07 14:33:00,23933.9,23938.47,23930.16,23931.46,0
2026-01-07 14:34:00,23931.46,23938.19,23921.89,23923.86,0
2026-01-07 14:35:00,23923.86,23925.95,23909.29,23912.28,0
2026-01-07 14:36:00,23912.28,23915.16,23911.55,23914.55,0
2026-01-07 14:37:00,23914.55,23916.94,23913.0,23916.06,0
2026-01-07 14:38:00,23916.06,23919.46,23912.11,23913.91,0
2026-01-07 14:39:00,23913.91,23919.46,23911.84,23916.12,0
2026-01-07 14:40:00,23916.12,23916.69,23906.15,23908.13,0
2026-01-07 14:41:00,23908.13,23911.34,23906.35,23909.9,0
2026-01-07 14:42:00,23909.9,23910.99,23907.09,23907.89,0
2026-01-07 14:43:00,23907.89,23918.23,23904.11,23911.03,0
2026-01-07 14:44:00,23911.03,23915.84,23904.52,23915.53,0
2026-01-07 14:45:00,23915.53,23917.13,23909.83,23914.16,0
2026-01-07 14:46:00,23914.16,23922.9,23912.68,23917.39,0
2026-01-07 14:47:00,23917.39,23919.49,23913.92,23916.21,0
2026-01-07 14:48:00,23916.21,23917.82,23912.97,23913.62,0
2026-01-07 14:49:00,23913.62,23919.53,23912.68,23918.14,0
2026-01-07 14:50:00,23918.14,23920.7,23907.25,23915.24,0
2026-01-07 14:51:00,23915.24,23915.73,23910.91,23914.04,0
2026-01-07 14:52:00,23914.04,23920.54,23910.32,23919.92,0
2026-01-07 14:53:00,23919.92,23927.36,23919.48,23925.5,0
2026-01-07 14:54:00,23925.5,23926.13,23917.86,23919.19,0
2026-01-07 14:55:00,23919.19,23921.99,23910.33,23920.64,0
2026-01-07 14:56:00,23920.64,23924.05,23910.02,23911.38,0
2026-01-07 14:57:00,23911.38,23914.06,23909.96,23909.97,0
2026-01-07 14:58:00,23909.97,23911.17,23902.38,23902.94,0
2026-01-07 14:59:00,23902.94,23903.52,23887.95,23891.01,0
2026-01-07 15:00:00,23891.01,23892.41,23885.83,23886.7,0
2026-01-07 15:01:00,23886.7,23892.99,23883.8,23885.02,0
2026-01-07 15:02:00,23885.02,23885.7,23881.11,23881.46,0
2026-01-07 15:03:00,23881.46,23886.02,23864.66,23868.69,0
2026-01-07 15:04:00,23868.69,23881.19,23867.89,23880.66,0
2026-01-07 15:05:00,23880.66,23883.5,23877.3,23877.38,0
2026-01-07 15:06:00,23877.38,23889.55,23872.62,23887.26,0
2026-01-07 15:07:00,23887.26,23888.35,23885.33,23886.59,0
2026-01-07 15:08:00,23886.59,23891.59,23883.93,23885.61,0
2026-01-07 15:09:00,23885.61,23887.49,23876.58,23880.1,0
2026-01-07 15:10:00,23880.1,23885.16,23877.62,23881.62,0
2026-01-07 15:11:00,23881.62,23889.85,23879.87,23886.94,0
2026-01-07 15:12:00,23886.94,23892.51,23885.41,23891.58,0
2026-01-07 15:13:00,23891.58,23904.75,23888.75,23898.49,0
2026-01-07 15:14:00,23898.49,23910.94,23896.04,23908.54,0
2026-01-07 15:15:00,23908.54,23911.2,23907.46,23910.12,0
2026-01-07 15:16:00,23910.12,23913.84,23907.97,23908.06,0
2026-01-07 15:17:00,23908.06,23915.31,23906.15,23913.04,0
2026-01-07 15:18:00,23913.04,23922.28,23912.92,23919.41,0
2026-01-07 15:19:00,23919.41,23924.27,23918.96,23921.38,0
2026-01-07 15:20:00,23921.38,23924.76,23915.32,23924.38,0
2026-01-07 15:21:00,23924.38,23924.45,23904.6,23911.76,0
2026-01-07 15:22:00,23911.76,23918.41,23911.37,23913.12,0
2026-01-07 15:23:00,23913.12,23915.08,23904.18,23904.83,0
2026-01-07 15:24:00,23904.83,23916.08,23902.9,23914.74,0
2026-01-07 15:25:00,23914.74,23921.2,23912.26,23920.62,0
2026-01-07 15:26:00,23920.62,23921.6,23919.26,23920.06,0
2026-01-07 15:27:00,23920.06,23921.09,23911.86,23916.2,0
2026-01-07 15:28:00,23916.2,23916.46,23909.24,23910.28,0
2026-01-07 15:29:00,23910.28,23914.55,23909.41,23910.5,0
2026-01-08 09:15:00,23910.5,23913.89,23907.2,23910.31,0
2026-01-08 09:16:00,23910.31,23915.0,23909.07,23912.48,0
2026-01-08 09:17:00,23912.48,23912.87,23906.07,23906.28,0
2026-01-08 09:18:00,23906.28,23913.16,23905.2,23912.03,0
2026-01-08 09:19:00,23912.03,23913.61,23907.15,23913.45,0
2026-01-08 09:20:00,23913.45,23915.0,23911.04,23911.96,0
2026-01-08 09:21:00,23911.96,23915.38,23909.96,23914.7,0
2026-01-08 09:22:00,23914.7,23921.85,23901.4,23906.71,0
2026-01-08 09:23:00,23906.71,23910.2,23906.09,23906.53,0
2026-01-08 09:24:00,23906.53,23915.37,23906.49,23908.93,0
2026-01-08 09:25:00,23908.93,23910.25,23896.41,23900.39,0
2026-01-08 09:26:00,23900.39,23910.71,23896.41,23906.36,0
2026-01-08 09:27:00,23906.36,23912.64,23904.91,23911.59,0
2026-01-08 09:28:00,23911.59,23921.31,23911.55,23920.35,0
2026-01-08 09:29:00,23920.35,23923.69,23910.91,23917.13,0
2026-01-08 09:30:00,23917.13,23928.11,23914.45,23925.32,0
2026-01-08 09:31:00,23925.32,23928.02,23914.21,23915.94,0
2026-01-08 09:32:00,23915.94,23925.4,23914.2,23920.72,0
2026-01-08 09:33:00,23920.72,23924.3,23916.15,23917.05,0
2026-01-08 09:34:00,23917.05,23920.35,23911.87,23919.86,0
2026-01-08 09:35:00,23919.86,23919.93,23912.05,23917.78,0
2026-01-08 09:36:00,23917.78,23920.21,23915.65,23918.23,0
2026-01-08 09:37:00,23918.23,23925.93,23917.92,23919.38,0
2026-01-08 09:38:00,23919.38,23923.72,23911.56,23915.65,0
2026-01-08 09:39:00,23915.65,23923.47,23911.27,23922.24,0
2026-01-08 09:40:00,23922.24,23934.72,23921.17,23932.71,0
2026-01-08 09:41:00,23932.71,23937.41,23928.04,23934.13,0
2026-01-08 09:42:00,23934.13,23937.54,23927.08,23929.83,0
2026-01-08 09:43:00,23929.83,23933.3,23920.61,23920.71,0
2026-01-08 09:44:00,23920.71,23923.75,23919.51,23923.6,0
2026-01-08 09:45:00,23923.6,23926.22,23915.79,23917.82,0
2026-01-08 09:46:00,23917.82,23919.61,23912.18,23915.69,0
2026-01-08 09:47:00,23915.69,23926.72,23914.0,23924.9,0
2026-01-08 09:48:00,23924.9,23930.21,23923.92,23928.96,0
2026-01-08 09:49:00,23928.96,23931.85,23918.17,23922.78,0
2026-01-08 09:50:00,23922.78,23932.51,23917.39,23929.38,0
2026-01-08 09:51:00,23929.38,23933.22,23927.2,23932.26,0
2026-01-08 09:52:00,23932.26,23938.5,23931.24,23937.75,0
2026-01-08 09:53:00,23937.75,23955.08,23933.7,23950.19,0
2026-01-08 09:54:00,23950.19,23952.37,23941.2,23944.63,0
2026-01-08 09:55:00,23944.63,23946.57,23942.53,23942.67,0
2026-01-08 09:56:00,23942.67,23945.97,23942.59,23944.41,0
2026-01-08 09:57:00,23944.41,23947.67,23937.93,23944.38,0
2026-01-08 09:58:00,23944.38,23945.92,23933.88,23933.9,0
2026-01-08 09:59:00,23933.9,23942.55,23931.64,23939.49,0
2026-01-08 10:00:00,23939.49,23946.9,23934.56,23944.16,0
2026-01-08 10:01:00,23944.16,23957.3,23941.41,23953.8,0
2026-01-08 10:02:00,23953.8,23963.19,23946.72,23961.26,0
2026-01-08 10:03:00,23961.26,23969.31,23957.89,23966.45,0
2026-01-08 10:04:00,23966.45,23968.6,23958.05,23962.52,0
2026-01-08 10:05:00,23962.52,23965.46,23959.33,23961.27,0
2026-01-08 10:06:00,23961.27,23967.46,23945.18,23950.52,0
2026-01-08 10:07:00,23950.52,23956.06,23947.02,23954.51,0
2026-01-08 10:08:00,23954.51,23956.12,23941.28,23945.03,0
2026-01-08 10:09:00,23945.03,23945.04,23938.11,23938.91,0
2026-01-08 10:10:00,23938.91,23940.36,23931.38,23937.43,0
2026-01-08 10:11:00,23937.43,23939.88,23930.6,23933.74,0
2026-01-08 10:12:00,23933.74,23934.17,23928.22,23932.1,0
2026-01-08 10:13:00,23932.1,23939.87,23930.21,23938.34,0
2026-01-08 10:14:00,23938.34,23941.21,23935.32,23938.73,0
2026-01-08 10:15:00,23938.73,23943.03,23936.41,23937.0,0
2026-01-08 10:16:00,23937.0,23944.29,23931.37,23940.05,0
2026-01-08 10:17:00,23940.05,23951.72,23935.6,23950.57,0
2026-01-08 10:18:00,23950.57,23952.32,23944.96,23949.95,0
2026-01-08 10:19:00,23949.95,23950.7,23942.18,23944.85,0
2026-01-08 10:20:00,23944.85,23952.24,23943.57,23949.46,0
2026-01-08 10:21:00,23949.46,23949.6,23945.15,23946.98,0
2026-01-08 10:22:00,23946.98,23947.9,23945.35,23946.22,0
2026-01-08 10:23:00,23946.22,23959.37,23944.64,23951.85,0
2026-01-08 10:24:00,23951.85,23956.22,23949.99,23953.84,0
2026-01-08 10:25:00,23953.84,23955.23,23949.56,23952.46,0
2026-01-08 10:26:00,23952.46,23957.55,23950.14,23956.08,0
2026-01-08 10:27:00,23956.08,23962.04,23955.55,23959.74,0
2026-01-08 10:28:00,23959.74,23969.78,23954.3,23963.49,0
2026-01-08 10:29:00,23963.49,23970.39,23959.53,23967.0,0
2026-01-08 10:30:00,23967.0,23968.58,23965.49,23965.64,0
2026-01-08 10:31:00,23965.64,23969.81,23957.27,23958.88,0
2026-01-08 10:32:00,23958.88,23961.37,23954.52,23958.96,0
2026-01-08 10:33:00,23958.96,23971.57,23958.51,23969.14,0
2026-01-08 10:34:00,23969.14,23970.84,23965.84,23965.96,0
2026-01-08 10:35:00,23965.96,23967.75,23960.79,23964.23,0
2026-01-08 10:36:00,23964.23,23969.89,23955.39,23955.6,0
2026-01-08 10:37:00,23955.6,23963.49,23954.0,23960.06,0
2026-01-08 10:38:00,23960.06,23964.79,23955.41,23960.28,0
2026-01-08 10:39:00,23960.28,23967.92,23958.62,23965.96,0
2026-01-08 10:40:00,23965.96,23972.15,23953.25,23956.32,0
2026-01-08 10:41:00,23956.32,23956.78,23946.49,23949.45,0
2026-01-08 10:42:00,23949.45,23960.46,23947.82,23958.65,0
2026-01-08 10:43:00,23958.65,23964.63,23956.04,23963.67,0
2026-01-08 10:44:00,23963.67,23974.04,23960.11,23968.45,0
2026-01-08 10:45:00,23968.45,23971.58,23961.36,23967.01,0
2026-01-08 10:46:00,23967.01,23972.68,23964.17,23970.65,0
2026-01-08 10:47:00,23970.65,23979.01,23970.57,23973.15,0
2026-01-08 10:48:00,23973.15,23976.57,23966.03,23969.26,0
2026-01-08 10:49:00,23969.26,23974.58,23963.53,23973.71,0
2026-01-08 10:50:00,23973.71,23982.02,23971.11,23976.46,0
2026-01-08 10:51:00,23976.46,23983.83,23972.92,23983.74,0
2026-01-08 10:52:00,23983.74,23997.88,23983.49,23994.05,0
2026-01-08 10:53:00,23994.05,23997.71,23977.97,23982.93,0
2026-01-08 10:54:00,23982.93,23992.72,23981.75,23989.28,0
2026-01-08 10:55:00,23989.28,23989.46,23980.26,23981.37,0
2026-01-08 10:56:00,23981.37,23984.75,23972.16,23972.46,0
2026-01-08 10:57:00,23972.46,23976.79,23971.14,23976.57,0
2026-01-08 10:58:00,23976.57,23983.85,23968.36,23969.27,0
2026-01-08 10:59:00,23969.27,23969.63,23962.8,23963.9,0
2026-01-08 11:00:00,23963.9,23968.97,23959.68,23966.72,0
2026-01-08 11:01:00,23966.72,23968.45,23964.87,23966.9,0
2026-01-08 11:02:00,23966.9,23974.15,23961.77,23972.97,0
2026-01-08 11:03:00,23972.97,23978.42,23967.9,23969.29,0
2026-01-08 11:04:00,23969.29,23973.94,23967.41,23972.58,0
2026-01-08 11:05:00,23972.58,23974.47,23965.2,23968.6,0
2026-01-08 11:06:00,23968.6,23975.96,23967.14,23970.74,0
2026-01-08 11:07:00,23970.74,23983.18,23967.27,23981.83,0
2026-01-08 11:08:00,23981.83,23993.05,23978.33,23992.06,0
2026-01-08 11:09:00,23992.06,23994.28,23991.56,23993.32,0
2026-01-08 11:10:00,23993.32,23996.83,23984.11,23986.72,0
2026-01-08 11:11:00,23986.72,23990.71,23983.33,23983.64,0
2026-01-08 11:12:00,23983.64,23991.39,23978.22,23985.43,0
2026-01-08 11:13:00,23985.43,23988.03,23984.49,23985.13,0
2026-01-08 11:14:00,23985.13,23987.53,23983.54,23987.44,0
2026-01-08 11:15:00,23987.44,23992.24,23986.14,23987.88,0
2026-01-08 11:16:00,23987.88,23991.07,23985.11,23986.17,0
2026-01-08 11:17:00,23986.17,23991.44,23984.77,23989.44,0
2026-01-08 11:18:00,23989.44,23997.4,23986.23,23992.8,0
2026-01-08 11:19:00,23992.8,23994.31,23987.72,23992.15,0
2026-01-08 11:20:00,23992.15,23995.92,23987.81,23993.7,0
2026-01-08 11:21:00,23993.7,23998.6,23989.41,23990.25,0
2026-01-08 11:22:00,23990.25,24005.18,23989.43,24003.03,0
2026-01-08 11:23:00,24003.03,24004.91,23992.82,23993.6,0
2026-01-08 11:24:00,23993.6,24006.03,23992.86,24005.54,0
2026-01-08 11:25:00,24005.54,24005.78,23994.4,23997.2,0
2026-01-08 11:26:00,23997.2,24005.22,23994.65,24001.59,0
2026-01-08 11:27:00,24001.59,24003.38,24000.8,24001.31,0
2026-01-08 11:28:00,24001.31,24006.38,23992.31,23993.42,0
2026-01-08 11:29:00,23993.42,23994.56,23986.34,23987.19,0
2026-01-08 11:30:00,23987.19,23997.38,23978.18,23993.1,0
2026-01-08 11:31:00,23993.1,24000.93,23990.29,23996.39,0
2026-01-08 11:32:00,23996.39,23997.22,23984.37,23985.37,0
2026-01-08 11:33:00,23985.37,23990.74,23983.98,23987.45,0
2026-01-08 11:34:00,23987.45,23990.82,23980.94,23988.6,0
2026-01-08 11:35:00,23988.6,23992.14,23981.6,23990.35,0
2026-01-08 11:36:00,23990.35,23997.12,23990.02,23996.73,0
2026-01-08 11:37:00,23996.73,23998.91,23985.53,23990.86,0
2026-01-08 11:38:00,23990.86,23991.86,23989.97,23991.5,0
2026-01-08 11:39:00,23991.5,23999.56,23991.22,23999.26,0
2026-01-08 11:40:00,23999.26,24008.97,23998.39,24004.36,0
2026-01-08 11:41:00,24004.36,24007.6,24001.98,24004.76,0
2026-01-08 11:42:00,24004.76,24010.69,24000.33,24009.54,0
2026-01-08 11:43:00,24009.54,24013.81,24000.32,24000.74,0
2026-01-08 11:44:00,24000.74,24004.12,23998.29,24001.97,0
2026-01-08 11:45:00,24001.97,24005.15,23996.24,23998.68,0
2026-01-08 11:46:00,23998.68,24002.92,23994.85,24001.49,0
2026-01-08 11:47:00,24001.49,24006.72,23997.94,24003.65,0
2026-01-08 11:48:00,24003.65,24004.06,24001.4,24001.56,0
2026-01-08 11:49:00,24001.56,24004.54,23999.04,23999.59,0
2026-01-08 11:50:00,23999.59,24003.79,23994.89,23995.17,0
2026-01-08 11:51:00,23995.17,24005.05,23992.01,24003.84,0
2026-01-08 11:52:00,24003.84,24017.21,24002.97,24012.1,0
2026-01-08 11:53:00,24012.1,24012.74,24002.04,24010.85,0
2026-01-08 11:54:00,24010.85,24014.61,24009.52,24011.64,0
2026-01-08 11:55:00,24011.64,24014.93,23997.1,24000.78,0
2026-01-08 11:56:00,24000.78,24003.68,23995.44,24003.37,0
2026-01-08 11:57:00,24003.37,24004.29,24001.53,24001.75,0
2026-01-08 11:58:00,24001.75,24009.5,24000.9,24002.58,0
2026-01-08 11:59:00,24002.58,24015.26,24000.77,24011.38,0
2026-01-08 12:00:00,24011.38,24016.61,24011.05,24015.48,0
2026-01-08 12:01:00,24015.48,24016.48,24014.07,24016.42,0
2026-01-08 12:02:00,24016.42,24026.52,24014.32,24025.73,0
2026-01-08 12:03:00,24025.73,24037.64,24022.66,24035.77,0
2026-01-08 12:04:00,24035.77,24047.33,24030.63,24044.07,0
2026-01-08 12:05:00,24044.07,24049.93,24035.45,24035.53,0
2026-01-08 12:06:00,24035.53,24037.45,24020.9,24025.08,0
2026-01-08 12:07:00,24025.08,24029.53,24021.94,24024.95,0
2026-01-08 12:08:00,24024.95,24027.19,24022.56,24026.72,0
2026-01-08 12:09:00,24026.72,24027.01,24025.09,24025.31,0
2026-01-08 12:10:00,24025.31,24025.98,24022.64,24025.27,0
2026-01-08 12:11:00,24025.27,24026.75,24015.26,24015.66,0
2026-01-08 12:12:00,24015.66,24017.31,24011.94,24013.25,0
2026-01-08 12:13:00,24013.25,24018.23,24012.7,24014.5,0
2026-01-08 12:14:00,24014.5,24015.57,24012.18,24012.9,0
2026-01-08 12:15:00,24012.9,24013.71,24000.18,24001.31,0
2026-01-08 12:16:00,24001.31,24003.2,23997.75,23997.88,0
2026-01-08 12:17:00,23997.88,24004.41,23989.34,23994.5,0
2026-01-08 12:18:00,23994.5,23994.93,23993.18,23994.58,0
2026-01-08 12:19:00,23994.58,23997.35,23990.79,23995.92,0
2026-01-08 12:20:00,23995.92,23996.34,23985.91,23989.35,0
2026-01-08 12:21:00,23989.35,23997.86,23983.98,23993.89,0
2026-01-08 12:22:00,23993.89,23999.21,23987.84,23992.72,0
2026-01-08 12:23:00,23992.72,23992.88,23986.04,23986.77,0
2026-01-08 12:24:00,23986.77,23992.07,23976.27,23981.85,0
2026-01-08 12:25:00,23981.85,23990.11,23975.37,23987.04,0
2026-01-08 12:26:00,23987.04,23988.72,23978.23,23978.27,0
2026-01-08 12:27:00,23978.27,23984.88,23976.11,23983.34,0
2026-01-08 12:28:00,23983.34,23990.54,23979.0,23988.72,0
2026-01-08 12:29:00,23988.72,23993.35,23985.57,23987.67,0
2026-01-08 12:30:00,23987.67,24005.91,23987.63,23997.67,0
2026-01-08 12:31:00,23997.67,23997.68,23989.77,23992.87,0
2026-01-08 12:32:00,23992.87,23997.46,23987.76,23997.18,0
2026-01-08 12:33:00,23997.18,23999.62,23983.79,23988.32,0
2026-01-08 12:34:00,23988.32,23996.51,23987.3,23990.29,0
2026-01-08 12:35:00,23990.29,23994.72,23979.75,23983.18,0
2026-01-08 12:36:00,23983.18,23987.06,23977.4,23979.9,0
2026-01-08 12:37:00,23979.9,23987.16,23979.52,23985.42,0
2026-01-08 12:38:00,23985.42,23986.26,23970.02,23976.89,0
2026-01-08 12:39:00,23976.89,23982.44,23969.87,23973.51,0
2026-01-08 12:40:00,23973.51,23980.81,23965.96,23967.71,0
2026-01-08 12:41:00,23967.71,23971.45,23961.36,23969.93,0
2026-01-08 12:42:00,23969.93,23974.77,23967.99,23974.57,0
2026-01-08 12:43:00,23974.57,23976.01,23953.95,23956.83,0
2026-01-08 12:44:00,23956.83,23961.07,23953.16,23953.28,0
2026-01-08 12:45:00,23953.28,23953.31,23940.94,23943.25,0
2026-01-08 12:46:00,23943.25,23953.11,23942.66,23952.31,0
2026-01-08 12:47:00,23952.31,23961.01,23951.35,23956.81,0
2026-01-08 12:48:00,23956.81,23959.18,23945.66,23949.44,0
2026-01-08 12:49:00,23949.44,23949.8,23943.08,23944.11,0
2026-01-08 12:50:00,23944.11,23945.25,23943.04,23945.04,0
2026-01-08 12:51:00,23945.04,23950.24,23942.77,23947.59,0
2026-01-08 12:52:00,23947.59,23957.44,23946.83,23956.57,0
2026-01-08 12:53:00,23956.57,23967.34,23955.33,23966.74,0
2026-01-08 12:54:00,23966.74,23969.64,23963.51,23964.72,0
2026-01-08 12:55:00,23964.72,23964.9,23957.35,23958.67,0
2026-01-08 12:56:00,23958.67,23964.81,23958.3,23963.68,0
2026-01-08 12:57:00,23963.68,23964.7,23960.48,23962.37,0
2026-01-08 12:58:00,23962.37,23973.27,23961.22,23969.0,0
2026-01-08 12:59:00,23969.0,23970.95,23964.63,23964.75,0
2026-01-08 13:00:00,23964.75,23968.65,23962.6,23967.66,0
2026-01-08 13:01:00,23967.66,23968.66,23959.34,23960.94,0
2026-01-08 13:02:00,23960.94,23963.69,23958.01,23962.62,0
2026-01-08 13:03:00,23962.62,23964.87,23958.8,23961.98,0
2026-01-08 13:04:00,23961.98,23963.43,23956.14,23962.35,0
2026-01-08 13:05:00,23962.35,23968.72,23956.73,23963.44,0
2026-01-08 13:06:00,23963.44,23967.07,23953.74,23957.15,0
2026-01-08 13:07:00,23957.15,23965.25,23954.29,23965.22,0
2026-01-08 13:08:00,23965.22,23965.43,23962.28,23962.34,0
2026-01-08 13:09:00,23962.34,23973.68,23959.47,23973.03,0
2026-01-08 13:10:00,23973.03,23975.56,23972.31,23973.43,0
2026-01-08 13:11:00,23973.43,23979.53,23971.53,23977.39,0
2026-01-08 13:12:00,23977.39,23980.02,23972.46,23973.12,0
2026-01-08 13:13:00,23973.12,23976.06,23966.82,23971.7,0
2026-01-08 13:14:00,23971.7,23972.57,23970.33,23971.84,0
2026-01-08 13:15:00,23971.84,23977.55,23970.67,23972.97,0
2026-01-08 13:16:00,23972.97,23976.3,23971.13,23975.47,0
2026-01-08 13:17:00,23975.47,23976.33,23972.26,23975.94,0
2026-01-08 13:18:00,23975.94,23978.36,23973.77,23977.6,0
2026-01-08 13:19:00,23977.6,23986.29,23976.12,23982.77,0
2026-01-08 13:20:00,23982.77,23987.53,23982.63,23986.6,0
2026-01-08 13:21:00,23986.6,23991.87,23973.29,23978.89,0
2026-01-08 13:22:00,23978.89,23981.84,23975.46,23980.71,0
2026-01-08 13:23:00,23980.71,23980.83,23976.34,23978.17,0
2026-01-08 13:24:00,23978.17,23982.47,23976.13,23980.91,0
2026-01-08 13:25:00,23980.91,23986.22,23979.38,23983.26,0
2026-01-08 13:26:00,23983.26,23984.43,23980.47,23982.98,0
2026-01-08 13:27:00,23982.98,23985.73,23978.73,23984.51,0
2026-01-08 13:28:00,23984.51,23985.67,23979.14,23982.56,0
2026-01-08 13:29:00,23982.56,23982.75,23981.47,23981.88,0
2026-01-08 13:30:00,23981.88,23984.83,23974.4,23977.74,0
2026-01-08 13:31:00,23977.74,23979.0,23974.03,23978.78,0
2026-01-08 13:32:00,23978.78,23982.99,23975.34,23979.48,0
2026-01-08 13:33:00,23979.48,23982.8,23969.87,23974.15,0
2026-01-08 13:34:00,23974.15,23985.09,23972.36,23983.43,0
2026-01-08 13:35:00,23983.43,23984.99,23977.86,23978.95,0
2026-01-08 13:36:00,23978.95,23984.13,23977.93,23980.12,0
2026-01-08 13:37:00,23980.12,23980.29,23977.89,23978.68,0
2026-01-08 13:38:00,23978.68,23979.3,23973.83,23975.62,0
2026-01-08 13:39:00,23975.62,23991.08,23972.07,23984.93,0
2026-01-08 13:40:00,23984.93,23987.54,23970.26,23977.54,0
2026-01-08 13:41:00,23977.54,23979.06,23974.15,23978.7,0
2026-01-08 13:42:00,23978.7,23979.23,23954.84,23964.13,0
2026-01-08 13:43:00,23964.13,23966.57,23962.69,23965.06,0
2026-01-08 13:44:00,23965.06,23968.82,23961.74,23967.08,0
2026-01-08 13:45:00,23967.08,23968.22,23959.5,23967.07,0
2026-01-08 13:46:00,23967.07,23969.83,23961.93,23964.39,0
2026-01-08 13:47:00,23964.39,23974.7,23963.97,23971.83,0
2026-01-08 13:48:00,23971.83,23982.53,23967.72,23977.73,0
2026-01-08 13:49:00,23977.73,23977.9,23974.44,23977.74,0
2026-01-08 13:50:00,23977.74,23979.54,23967.54,23968.98,0
2026-01-08 13:51:00,23968.98,23977.91,23963.75,23972.37,0
2026-01-08 13:52:00,23972.37,23975.61,23968.45,23974.3,0
2026-01-08 13:53:00,23974.3,23975.08,23972.53,23973.2,0
2026-01-08 13:54:00,23973.2,23975.36,23970.37,23973.56,0
2026-01-08 13:55:00,23973.56,23978.84,23966.78,23970.18,0
2026-01-08 13:56:00,23970.18,23975.24,23961.63,23963.91,0
2026-01-08 13:57:00,23963.91,23966.78,23961.55,23962.64,0
2026-01-08 13:58:00,23962.64,23977.39,23962.2,23975.27,0
2026-01-08 13:59:00,23975.27,23976.56,23972.87,23975.95,0
2026-01-08 14:00:00,23975.95,23989.07,23972.72,23987.82,0
2026-01-08 14:01:00,23987.82,23994.53,23983.4,23991.37,0
2026-01-08 14:02:00,23991.37,23994.32,23985.6,23987.26,0
2026-01-08 14:03:00,23987.26,23992.44,23983.92,23990.26,0
2026-01-08 14:04:00,23990.26,24000.41,23988.35,23994.31,0
2026-01-08 14:05:00,23994.31,24000.0,23990.45,23993.39,0
2026-01-08 14:06:00,23993.39,23994.21,23989.14,23989.96,0
2026-01-08 14:07:00,23989.96,23990.2,23982.8,23985.65,0
2026-01-08 14:08:00,23985.65,23986.33,23972.31,23976.73,0
2026-01-08 14:09:00,23976.73,23983.53,23974.34,23981.12,0
2026-01-08 14:10:00,23981.12,23985.87,23972.66,23976.06,0
2026-01-08 14:11:00,23976.06,23978.54,23971.82,23976.47,0
2026-01-08 14:12:00,23976.47,23977.99,23969.11,23974.2,0
2026-01-08 14:13:00,23974.2,23974.54,23968.32,23971.49,0
2026-01-08 14:14:00,23971.49,23975.97,23965.04,23975.43,0
2026-01-08 14:15:00,23975.43,23985.48,23974.15,23983.71,0
2026-01-08 14:16:00,23983.71,23986.53,23980.54,23983.19,0
2026-01-08 14:17:00,23983.19,23984.67,23972.9,23974.43,0
2026-01-08 14:18:00,23974.43,23977.76,23972.85,23975.46,0
2026-01-08 14:19:00,23975.46,23978.79,23973.72,23976.18,0
2026-01-08 14:20:00,23976.18,23985.04,23972.5,23983.18,0
2026-01-08 14:21:00,23983.18,23986.07,23976.71,23980.4,0
2026-01-08 14:22:00,23980.4,23981.11,23976.39,23976.95,0
2026-01-08 14:23:00,23976.95,23977.88,23975.37,23977.08,0
2026-01-08 14:24:00,23977.08,23982.7,23965.98,23966.58,0
2026-01-08 14:25:00,23966.58,23969.25,23951.93,23955.24,0
2026-01-08 14:26:00,23955.24,23962.74,23949.18,23950.87,0
2026-01-08 14:27:00,23950.87,23961.25,23948.69,23960.53,0
2026-01-08 14:28:00,23960.53,23967.73,23956.94,23964.06,0
2026-01-08 14:29:00,23964.06,23965.76,23953.09,23954.15,0
2026-01-08 14:30:00,23954.15,23961.89,23953.78,23961.54,0
2026-01-08 14:31:00,23961.54,23961.8,23956.68,23956.81,0
2026-01-08 14:32:00,23956.81,23965.2,23954.64,23961.1,0
2026-01-08 14:33:00,23961.1,23961.66,23956.4,23961.21,0
2026-01-08 14:34:00,23961.21,23962.44,23955.93,23962.39,0
2026-01-08 14:35:00,23962.39,23973.28,23962.07,23971.61,0
2026-01-08 14:36:00,23971.61,23974.74,23966.55,23967.88,0
2026-01-08 14:37:00,23967.88,23975.82,23967.57,23973.52,0
2026-01-08 14:38:00,23973.52,23976.31,23972.83,23975.88,0
2026-01-08 14:39:00,23975.88,23981.42,23972.63,23978.12,0
2026-01-08 14:40:00,23978.12,23983.42,23976.9,23977.26,0
2026-01-08 14:41:00,23977.26,23979.2,23971.72,23971.82,0
2026-01-08 14:42:00,23971.82,23980.42,23970.18,23978.76,0
2026-01-08 14:43:00,23978.76,23980.9,23975.99,23979.86,0
2026-01-08 14:44:00,23979.86,23981.98,23977.39,23978.97,0
2026-01-08 14:45:00,23978.97,23982.27,23966.42,23968.64,0
2026-01-08 14:46:00,23968.64,23976.42,23966.87,23972.03,0
2026-01-08 14:47:00,23972.03,23972.19,23960.7,23962.02,0
2026-01-08 14:48:00,23962.02,23965.33,23956.74,23958.01,0
2026-01-08 14:49:00,23958.01,23962.25,23957.3,23961.01,0
2026-01-08 14:50:00,23961.01,23962.67,23957.87,23958.04,0
2026-01-08 14:51:00,23958.04,23969.04,23957.05,23964.33,0
2026-01-08 14:52:00,23964.33,23974.71,23963.88,23973.78,0
2026-01-08 14:53:00,23973.78,23981.61,23970.24,23978.67,0
2026-01-08 14:54:00,23978.67,23982.94,23968.23,23968.96,0
2026-01-08 14:55:00,23968.96,23975.15,23966.97,23973.93,0
2026-01-08 14:56:00,23973.93,23978.09,23973.18,23976.29,0
2026-01-08 14:57:00,23976.29,23977.89,23957.75,23965.16,0
2026-01-08 14:58:00,23965.16,23969.06,23963.24,23966.58,0
2026-01-08 14:59:00,23966.58,23979.23,23965.17,23975.37,0
2026-01-08 15:00:00,23975.37,23977.49,23973.66,23976.98,0
2026-01-08 15:01:00,23976.98,23982.57,23974.13,23976.68,0
2026-01-08 15:02:00,23976.68,23977.16,23970.21,23972.82,0
2026-01-08 15:03:00,23972.82,23980.51,23972.44,23977.69,0
2026-01-08 15:04:00,23977.69,23981.29,23975.91,23976.14,0
2026-01-08 15:05:00,23976.14,23978.82,23972.07,23973.33,0
2026-01-08 15:06:00,23973.33,23973.57,23967.74,23968.78,0
2026-01-08 15:07:00,23968.78,23970.2,23961.97,23965.07,0
2026-01-08 15:08:00,23965.07,23970.07,23960.4,23962.66,0
2026-01-08 15:09:00,23962.66,23973.65,23959.59,23967.37,0
2026-01-08 15:10:00,23967.37,23968.33,23961.19,23965.3,0
2026-01-08 15:11:00,23965.3,23967.79,23964.48,23967.64,0
2026-01-08 15:12:00,23967.64,23981.48,23965.33,23980.71,0
2026-01-08 15:13:00,23980.71,23987.43,23978.98,23985.57,0
2026-01-08 15:14:00,23985.57,23996.75,23985.16,23994.66,0
2026-01-08 15:15:00,23994.66,23997.24,23986.74,23988.28,0
2026-01-08 15:16:00,23988.28,24005.4,23985.94,24001.1,0
2026-01-08 15:17:00,24001.1,24002.85,23999.5,24002.67,0
2026-01-08 15:18:00,24002.67,24005.18,24000.77,24004.47,0
2026-01-08 15:19:00,24004.47,24011.72,24002.89,24010.81,0
2026-01-08 15:20:00,24010.81,24020.05,24008.37,24015.52,0
2026-01-08 15:21:00,24015.52,24019.57,24013.95,24017.97,0
2026-01-08 15:22:00,24017.97,24021.18,24017.67,24020.91,0
2026-01-08 15:23:00,24020.91,24035.81,24016.83,24030.75,0
2026-01-08 15:24:00,24030.75,24032.03,24013.99,24015.96,0
2026-01-08 15:25:00,24015.96,24020.6,24011.91,24012.94,0
2026-01-08 15:26:00,24012.94,24014.52,24010.0,24012.63,0
2026-01-08 15:27:00,24012.63,24031.11,24009.2,24026.81,0
2026-01-08 15:28:00,24026.81,24028.73,24024.3,24024.41,0
2026-01-08 15:29:00,24024.41,24032.86,24024.31,24031.16,0
2026-01-09 09:15:00,24031.16,24036.48,24028.85,24034.39,0
2026-01-09 09:16:00,24034.39,24044.21,24032.76,24043.16,0
2026-01-09 09:17:00,24043.16,24045.89,24030.89,24033.45,0
2026-01-09 09:18:00,24033.45,24038.53,24027.16,24027.5,0
2026-01-09 09:19:00,24027.5,24031.49,24014.86,24017.41,0
2026-01-09 09:20:00,24017.41,24020.63,24011.31,24015.83,0
2026-01-09 09:21:00,24015.83,24018.68,24013.28,24015.25,0
2026-01-09 09:22:00,24015.25,24020.27,24014.25,24019.22,0
2026-01-09 09:23:00,24019.22,24027.61,24015.61,24021.1,0
2026-01-09 09:24:00,24021.1,24029.47,24017.83,24025.65,0
2026-01-09 09:25:00,24025.65,24032.85,24022.59,24026.12,0
2026-01-09 09:26:00,24026.12,24026.81,24003.85,24008.84,0
2026-01-09 09:27:00,24008.84,24012.72,24007.2,24010.6,0
2026-01-09 09:28:00,24010.6,24011.46,24004.37,24005.73,0
2026-01-09 09:29:00,24005.73,24006.39,23999.27,24000.46,0
2026-01-09 09:30:00,24000.46,24003.69,23990.63,23995.47,0
2026-01-09 09:31:00,23995.47,23998.98,23990.88,23997.85,0
2026-01-09 09:32:00,23997.85,23999.78,23990.19,23994.1,0
2026-01-09 09:33:00,23994.1,24007.47,23990.94,24005.67,0
2026-01-09 09:34:00,24005.67,24008.46,23999.28,24003.72,0
2026-01-09 09:35:00,24003.72,24012.09,24003.11,24006.15,0
2026-01-09 09:36:00,24006.15,24011.5,24004.77,24011.49,0
2026-01-09 09:37:00,24011.49,24012.1,24010.23,24010.85,0
2026-01-09 09:38:00,24010.85,24011.86,24006.24,24006.72,0
2026-01-09 09:39:00,24006.72,24008.72,24003.55,24006.5,0
2026-01-09 09:40:00,24006.5,24010.35,23999.46,24007.94,0
2026-01-09 09:41:00,24007.94,24011.88,24002.15,24004.82,0
2026-01-09 09:42:00,24004.82,24008.76,23997.79,24000.66,0
2026-01-09 09:43:00,24000.66,24006.32,23994.79,23996.06,0
2026-01-09 09:44:00,23996.06,24000.87,23991.85,23994.8,0
2026-01-09 09:45:00,23994.8,23995.2,23982.59,23987.94,0
2026-01-09 09:46:00,23987.94,23995.18,23986.18,23994.14,0
2026-01-09 09:47:00,23994.14,23996.31,23985.97,23990.44,0
2026-01-09 09:48:00,23990.44,23995.15,23983.37,23988.07,0
2026-01-09 09:49:00,23988.07,23996.77,23983.72,23995.9,0
2026-01-09 09:50:00,23995.9,24001.02,23995.33,23999.83,0
2026-01-09 09:51:00,23999.83,24000.65,23988.15,23988.83,0
2026-01-09 09:52:00,23988.83,23989.69,23978.48,23983.37,0
2026-01-09 09:53:00,23983.37,23986.71,23976.41,23984.71,0
2026-01-09 09:54:00,23984.71,23987.4,23970.95,23972.15,0
2026-01-09 09:55:00,23972.15,23978.84,23967.93,23968.69,0
2026-01-09 09:56:00,23968.69,23975.87,23964.41,23973.55,0
2026-01-09 09:57:00,23973.55,23979.95,23969.09,23976.47,0
2026-01-09 09:58:00,23976.47,23981.14,23970.56,23976.45,0
2026-01-09 09:59:00,23976.45,23984.15,23975.91,23984.15,0
2026-01-09 10:00:00,23984.15,23987.36,23978.45,23980.48,0
2026-01-09 10:01:00,23980.48,23987.24,23976.09,23981.21,0
2026-01-09 10:02:00,23981.21,23991.78,23980.58,23991.61,0
2026-01-09 10:03:00,23991.61,23991.7,23972.71,23978.77,0
2026-01-09 10:04:00,23978.77,23985.72,23969.55,23970.02,0
2026-01-09 10:05:00,23970.02,23970.64,23963.24,23966.92,0
2026-01-09 10:06:00,23966.92,23970.53,23957.1,23958.98,0
2026-01-09 10:07:00,23958.98,23961.38,23955.54,23958.7,0
2026-01-09 10:08:00,23958.7,23963.45,23958.44,23962.16,0
2026-01-09 10:09:00,23962.16,23967.72,23961.13,23967.63,0
2026-01-09 10:10:00,23967.63,23967.81,23955.58,23957.87,0
2026-01-09 10:11:00,23957.87,23958.07,23948.98,23954.17,0
2026-01-09 10:12:00,23954.17,23955.35,23942.54,23946.34,0
2026-01-09 10:13:00,23946.34,23951.24,23943.4,23944.52,0
2026-01-09 10:14:00,23944.52,23945.33,23929.67,23935.34,0
2026-01-09 10:15:00,23935.34,23937.54,23932.29,23937.09,0
2026-01-09 10:16:00,23937.09,23938.07,23934.27,23934.86,0
2026-01-09 10:17:00,23934.86,23941.8,23932.77,23937.48,0
2026-01-09 10:18:00,23937.48,23949.38,23929.5,23942.67,0
2026-01-09 10:19:00,23942.67,23947.06,23937.34,23937.4,0
2026-01-09 10:20:00,23937.4,23943.03,23934.79,23941.4,0
2026-01-09 10:21:00,23941.4,23943.12,23936.53,23937.64,0
2026-01-09 10:22:00,23937.64,23942.91,23936.64,23941.22,0
2026-01-09 10:23:00,23941.22,23944.48,23936.98,23938.37,0
2026-01-09 10:24:00,23938.37,23952.13,23935.39,23944.64,0
2026-01-09 10:25:00,23944.64,23945.26,23928.29,23930.25,0
2026-01-09 10:26:00,23930.25,23932.36,23929.33,23930.96,0
2026-01-09 10:27:00,23930.96,23933.12,23928.6,23932.1,0
2026-01-09 10:28:00,23932.1,23934.4,23915.55,23917.15,0
2026-01-09 10:29:00,23917.15,23918.42,23911.08,23912.17,0
2026-01-09 10:30:00,23912.17,23915.62,23901.69,23906.6,0
2026-01-09 10:31:00,23906.6,23906.75,23903.15,23905.99,0
2026-01-09 10:32:00,23905.99,23908.57,23894.78,23898.13,0
2026-01-09 10:33:00,23898.13,23904.92,23895.83,23903.46,0
2026-01-09 10:34:00,23903.46,23909.71,23901.98,23905.54,0
2026-01-09 10:35:00,23905.54,23912.83,23902.41,23904.16,0
2026-01-09 10:36:00,23904.16,23911.86,23899.9,23908.7,0
2026-01-09 10:37:00,23908.7,23911.11,23897.21,23901.08,0
2026-01-09 10:38:00,23901.08,23916.17,23900.15,23913.27,0
2026-01-09 10:39:00,23913.27,23915.85,23908.96,23914.49,0
2026-01-09 10:40:00,23914.49,23917.11,23907.58,23908.03,0
2026-01-09 10:41:00,23908.03,23908.48,23896.9,23901.06,0
2026-01-09 10:42:00,23901.06,23912.87,23898.07,23910.7,0
2026-01-09 10:43:00,23910.7,23920.28,23908.04,23918.44,0
2026-01-09 10:44:00,23918.44,23922.34,23915.76,23919.22,0
2026-01-09 10:45:00,23919.22,23922.54,23917.18,23920.27,0
2026-01-09 10:46:00,23920.27,23928.9,23915.24,23924.59,0
2026-01-09 10:47:00,23924.59,23925.17,23917.16,23919.91,0
2026-01-09 10:48:00,23919.91,23932.04,23916.03,23929.59,0
2026-01-09 10:49:00,23929.59,23933.75,23924.53,23933.48,0
2026-01-09 10:50:00,23933.48,23938.75,23931.76,23937.45,0
2026-01-09 10:51:00,23937.45,23942.67,23936.95,23941.84,0
2026-01-09 10:52:00,23941.84,23947.99,23928.43,23932.32,0
2026-01-09 10:53:00,23932.32,23934.45,23913.68,23919.45,0
2026-01-09 10:54:00,23919.45,23928.54,23918.66,23926.74,0
2026-01-09 10:55:00,23926.74,23932.68,23925.6,23926.6,0
2026-01-09 10:56:00,23926.6,23931.85,23923.0,23928.34,0
2026-01-09 10:57:00,23928.34,23933.05,23913.86,23914.84,0
2026-01-09 10:58:00,23914.84,23915.77,23914.4,23915.33,0
2026-01-09 10:59:00,23915.33,23919.41,23911.78,23913.13,0
2026-01-09 11:00:00,23913.13,23917.18,23909.4,23915.45,0
2026-01-09 11:01:00,23915.45,23922.46,23902.69,23908.03,0
2026-01-09 11:02:00,23908.03,23923.57,23906.83,23920.84,0
2026-01-09 11:03:00,23920.84,23923.02,23911.12,23920.75,0
2026-01-09 11:04:00,23920.75,23921.26,23915.86,23917.65,0
2026-01-09 11:05:00,23917.65,23920.68,23914.74,23919.12,0
2026-01-09 11:06:00,23919.12,23930.46,23917.78,23927.02,0
2026-01-09 11:07:00,23927.02,23927.73,23921.43,23926.36,0
2026-01-09 11:08:00,23926.36,23933.21,23924.85,23930.29,0
2026-01-09 11:09:00,23930.29,23939.03,23928.72,23936.27,0
2026-01-09 11:10:00,23936.27,23946.98,23934.2,23941.41,0
2026-01-09 11:11:00,23941.41,23950.0,23940.25,23948.04,0
2026-01-09 11:12:00,23948.04,23954.35,23944.96,23950.94,0
2026-01-09 11:13:00,23950.94,23961.89,23950.13,23961.73,0
2026-01-09 11:14:00,23961.73,23967.1,23954.51,23954.7,0
2026-01-09 11:15:00,23954.7,23957.0,23942.66,23947.04,0
2026-01-09 11:16:00,23947.04,23953.44,23938.8,23942.93,0
2026-01-09 11:17:00,23942.93,23958.09,23940.97,23956.19,0
2026-01-09 11:18:00,23956.19,23957.88,23951.06,23952.72,0
2026-01-09 11:19:00,23952.72,23964.5,23951.4,23961.47,0
2026-01-09 11:20:00,23961.47,23966.05,23950.39,23950.66,0
2026-01-09 11:21:00,23950.66,23955.25,23946.14,23946.46,0
2026-01-09 11:22:00,23946.46,23957.9,23941.49,23954.68,0
2026-01-09 11:23:00,23954.68,23954.85,23948.77,23949.88,0
2026-01-09 11:24:00,23949.88,23954.44,23946.57,23948.71,0
2026-01-09 11:25:00,23948.71,23958.82,23942.85,23954.73,0
2026-01-09 11:26:00,23954.73,23957.44,23947.27,23948.91,0
2026-01-09 11:27:00,23948.91,23951.77,23948.67,23951.25,0
2026-01-09 11:28:00,23951.25,23951.5,23947.04,23948.5,0
2026-01-09 11:29:00,23948.5,23955.31,23948.15,23952.97,0
2026-01-09 11:30:00,23952.97,23953.5,23944.09,23948.4,0
2026-01-09 11:31:00,23948.4,23956.14,23948.03,23954.13,0
2026-01-09 11:32:00,23954.13,23955.5,23948.03,23950.02,0
2026-01-09 11:33:00,23950.02,23954.92,23930.89,23940.76,0
2026-01-09 11:34:00,23940.76,23944.26,23931.65,23933.38,0
2026-01-09 11:35:00,23933.38,23941.74,23927.62,23937.02,0
2026-01-09 11:36:00,23937.02,23946.25,23932.75,23940.27,0
2026-01-09 11:37:00,23940.27,23940.53,23937.29,23937.3,0
2026-01-09 11:38:00,23937.3,23937.73,23933.04,23933.94,0
2026-01-09 11:39:00,23933.94,23941.69,23933.85,23941.41,0
2026-01-09 11:40:00,23941.41,23943.31,23936.02,23938.23,0
2026-01-09 11:41:00,23938.23,23943.81,23934.89,23938.3,0
2026-01-09 11:42:00,23938.3,23944.72,23935.26,23939.72,0
2026-01-09 11:43:00,23939.72,23941.45,23936.42,23940.96,0
2026-01-09 11:44:00,23940.96,23943.4,23936.2,23942.45,0
2026-01-09 11:45:00,23942.45,23948.26,23934.1,23934.74,0
2026-01-09 11:46:00,23934.74,23938.33,23933.35,23937.73,0
2026-01-09 11:47:00,23937.73,23943.75,23936.8,23940.5,0
2026-01-09 11:48:00,23940.5,23946.65,23939.05,23943.57,0
2026-01-09 11:49:00,23943.57,23946.81,23941.76,23944.59,0
2026-01-09 11:50:00,23944.59,23948.03,23940.08,23942.38,0
2026-01-09 11:51:00,23942.38,23953.44,23939.85,23952.51,0
2026-01-09 11:52:00,23952.51,23954.5,23944.52,23947.09,0
2026-01-09 11:53:00,23947.09,23961.76,23945.53,23957.91,0
2026-01-09 11:54:00,23957.91,23957.99,23947.2,23949.38,0
2026-01-09 11:55:00,23949.38,23950.65,23931.91,23938.51,0
2026-01-09 11:56:00,23938.51,23940.94,23931.44,23935.3,0
2026-01-09 11:57:00,23935.3,23936.32,23928.72,23929.53,0
2026-01-09 11:58:00,23929.53,23935.8,23928.88,23932.36,0
2026-01-09 11:59:00,23932.36,23935.22,23926.93,23931.72,0
2026-01-09 12:00:00,23931.72,23933.23,23927.38,23928.33,0
2026-01-09 12:01:00,23928.33,23934.55,23920.12,23932.67,0
2026-01-09 12:02:00,23932.67,23935.19,23925.37,23928.43,0
2026-01-09 12:03:00,23928.43,23934.83,23925.94,23934.22,0
2026-01-09 12:04:00,23934.22,23936.21,23932.32,23932.68,0
2026-01-09 12:05:00,23932.68,23937.9,23930.03,23936.18,0
2026-01-09 12:06:00,23936.18,23940.5,23929.11,23930.57,0
2026-01-09 12:07:00,23930.57,23936.14,23918.56,23921.06,0
2026-01-09 12:08:00,23921.06,23923.96,23912.06,23915.46,0
2026-01-09 12:09:00,23915.46,23918.6,23907.77,23910.23,0
2026-01-09 12:10:00,23910.23,23925.57,23902.18,23925.28,0
2026-01-09 12:11:00,23925.28,23926.22,23923.36,23926.06,0
2026-01-09 12:12:00,23926.06,23927.56,23924.65,23924.72,0
2026-01-09 12:13:00,23924.72,23933.16,23921.97,23929.35,0
2026-01-09 12:14:00,23929.35,23933.86,23916.57,23916.79,0
2026-01-09 12:15:00,23916.79,23916.96,23913.69,23916.71,0
2026-01-09 12:16:00,23916.71,23921.18,23916.21,23918.63,0
2026-01-09 12:17:00,23918.63,23918.8,23912.32,23917.91,0
2026-01-09 12:18:00,23917.91,23929.18,23914.92,23924.45,0
2026-01-09 12:19:00,23924.45,23928.64,23922.01,23928.47,0
2026-01-09 12:20:00,23928.47,23944.29,23924.32,23938.71,0
2026-01-09 12:21:00,23938.71,23944.85,23934.71,23937.35,0
2026-01-09 12:22:00,23937.35,23940.34,23936.2,23936.84,0
2026-01-09 12:23:00,23936.84,23937.89,23932.02,23936.11,0
2026-01-09 12:24:00,23936.11,23939.93,23918.13,23921.31,0
2026-01-09 12:25:00,23921.31,23922.99,23917.97,23920.87,0
2026-01-09 12:26:00,23920.87,23936.71,23918.11,23927.53,0
2026-01-09 12:27:00,23927.53,23936.07,23926.51,23935.91,0
2026-01-09 12:28:00,23935.91,23936.47,23929.23,23932.98,0
2026-01-09 12:29:00,23932.98,23937.97,23924.78,23924.84,0
2026-01-09 12:30:00,23924.84,23929.08,23923.41,23928.15,0
2026-01-09 12:31:00,23928.15,23931.0,23917.1,23919.0,0
2026-01-09 12:32:00,23919.0,23928.42,23917.26,23924.99,0
2026-01-09 12:33:00,23924.99,23926.95,23917.54,23918.57,0
2026-01-09 12:34:00,23918.57,23920.72,23917.54,23918.77,0
2026-01-09 12:35:00,23918.77,23921.19,23917.77,23918.96,0
2026-01-09 12:36:00,23918.96,23921.82,23913.1,23914.98,0
2026-01-09 12:37:00,23914.98,23916.74,23910.65,23910.85,0
2026-01-09 12:38:00,23910.85,23913.59,23901.63,23906.61,0
2026-01-09 12:39:00,23906.61,23907.65,23896.21,23899.83,0
2026-01-09 12:40:00,23899.83,23900.31,23895.03,23896.06,0
2026-01-09 12:41:00,23896.06,23902.07,23892.38,23900.74,0
2026-01-09 12:42:00,23900.74,23907.63,23899.55,23905.34,0
2026-01-09 12:43:00,23905.34,23905.88,23891.23,23891.29,0
2026-01-09 12:44:00,23891.29,23895.67,23888.79,23894.77,0
2026-01-09 12:45:00,23894.77,23905.21,23893.14,23902.69,0
2026-01-09 12:46:00,23902.69,23905.73,23902.26,23904.26,0
2026-01-09 12:47:00,23904.26,23912.79,23901.93,23909.24,0
2026-01-09 12:48:00,23909.24,23919.57,23907.96,23916.24,0
2026-01-09 12:49:00,23916.24,23917.44,23914.59,23914.81,0
2026-01-09 12:50:00,23914.81,23916.63,23905.17,23905.3,0
2026-01-09 12:51:00,23905.3,23908.09,23901.5,23902.2,0
2026-01-09 12:52:00,23902.2,23902.41,23899.82,23899.97,0
2026-01-09 12:53:00,23899.97,23903.98,23899.56,23901.0,0
2026-01-09 12:54:00,23901.0,23907.11,23892.16,23903.44,0
2026-01-09 12:55:00,23903.44,23905.47,23900.02,23901.04,0
2026-01-09 12:56:00,23901.04,23904.76,23894.62,23897.3,0
2026-01-09 12:57:00,23897.3,23898.03,23890.74,23894.13,0
2026-01-09 12:58:00,23894.13,23904.08,23893.74,23897.35,0
2026-01-09 12:59:00,23897.35,23905.17,23895.38,23903.09,0
2026-01-09 13:00:00,23903.09,23905.07,23900.01,23903.37,0
2026-01-09 13:01:00,23903.37,23907.5,23898.33,23905.17,0
2026-01-09 13:02:00,23905.17,23906.81,23900.45,23900.73,0
2026-01-09 13:03:00,23900.73,23900.89,23895.79,23897.62,0
2026-01-09 13:04:00,23897.62,23904.85,23885.22,23889.09,0
2026-01-09 13:05:00,23889.09,23899.55,23888.62,23898.21,0
2026-01-09 13:06:00,23898.21,23898.65,23894.53,23895.43,0
2026-01-09 13:07:00,23895.43,23897.82,23884.42,23887.09,0
2026-01-09 13:08:00,23887.09,23897.81,23883.57,23894.64,0
2026-01-09 13:09:00,23894.64,23902.82,23891.61,23891.85,0
2026-01-09 13:10:00,23891.85,23896.1,23889.23,23892.04,0
2026-01-09 13:11:00,23892.04,23900.89,23888.64,23897.68,0
2026-01-09 13:12:00,23897.68,23908.07,23896.23,23907.76,0
2026-01-09 13:13:00,23907.76,23910.81,23900.33,23901.21,0
2026-01-09 13:14:00,23901.21,23904.96,23896.35,23901.25,0
2026-01-09 13:15:00,23901.25,23906.56,23896.82,23906.5,0
2026-01-09 13:16:00,23906.5,23909.15,23897.8,23900.79,0
2026-01-09 13:17:00,23900.79,23910.08,23897.12,23909.26,0
2026-01-09 13:18:00,23909.26,23910.45,23903.34,23906.76,0
2026-01-09 13:19:00,23906.76,23907.05,23898.84,23901.35,0
2026-01-09 13:20:00,23901.35,23908.28,23900.23,23906.46,0
2026-01-09 13:21:00,23906.46,23909.96,23902.12,23905.25,0
2026-01-09 13:22:00,23905.25,23906.23,23903.45,23905.1,0
2026-01-09 13:23:00,23905.1,23905.57,23899.78,23900.37,0
2026-01-09 13:24:00,23900.37,23901.07,23887.53,23891.09,0
2026-01-09 13:25:00,23891.09,23898.02,23888.18,23891.18,0
2026-01-09 13:26:00,23891.18,23891.94,23887.84,23890.78,0
2026-01-09 13:27:00,23890.78,23896.14,23883.1,23887.93,0
2026-01-09 13:28:00,23887.93,23889.76,23884.73,23889.0,0
2026-01-09 13:29:00,23889.0,23891.0,23882.58,23885.78,0
2026-01-09 13:30:00,23885.78,23893.76,23883.74,23893.55,0
2026-01-09 13:31:00,23893.55,23899.84,23891.01,23894.62,0
2026-01-09 13:32:00,23894.62,23897.66,23883.71,23887.18,0
2026-01-09 13:33:00,23887.18,23888.23,23886.38,23886.87,0
2026-01-09 13:34:00,23886.87,23891.61,23886.01,23888.06,0
2026-01-09 13:35:00,23888.06,23894.91,23879.81,23880.54,0
2026-01-09 13:36:00,23880.54,23881.29,23875.23,23876.46,0
2026-01-09 13:37:00,23876.46,23883.94,23873.59,23879.24,0
2026-01-09 13:38:00,23879.24,23880.11,23875.8,23879.68,0
2026-01-09 13:39:00,23879.68,23885.88,23873.16,23876.67,0
2026-01-09 13:40:00,23876.67,23879.58,23865.69,23866.86,0
2026-01-09 13:41:00,23866.86,23874.32,23859.79,23860.5,0
2026-01-09 13:42:00,23860.5,23865.02,23853.85,23863.71,0
2026-01-09 13:43:00,23863.71,23869.1,23859.95,23866.95,0
2026-01-09 13:44:00,23866.95,23868.71,23855.95,23856.82,0
2026-01-09 13:45:00,23856.82,23860.52,23852.08,23857.65,0
2026-01-09 13:46:00,23857.65,23869.28,23856.53,23866.47,0
2026-01-09 13:47:00,23866.47,23867.77,23859.71,23862.67,0
2026-01-09 13:48:00,23862.67,23863.75,23862.36,23863.43,0
2026-01-09 13:49:00,23863.43,23867.09,23854.14,23856.39,0
2026-01-09 13:50:00,23856.39,23865.62,23855.03,23864.24,0
2026-01-09 13:51:00,23864.24,23873.73,23862.32,23873.16,0
2026-01-09 13:52:00,23873.16,23874.97,23864.33,23869.94,0
2026-01-09 13:53:00,23869.94,23874.81,23866.58,23873.63,0
2026-01-09 13:54:00,23873.63,23873.98,23868.85,23869.59,0
2026-01-09 13:55:00,23869.59,23873.43,23862.78,23865.66,0
2026-01-09 13:56:00,23865.66,23867.15,23859.93,23861.37,0
2026-01-09 13:57:00,23861.37,23864.26,23854.81,23859.03,0
2026-01-09 13:58:00,23859.03,23875.39,23853.17,23868.83,0
2026-01-09 13:59:00,23868.83,23875.45,23868.67,23869.55,0
2026-01-09 14:00:00,23869.55,23878.12,23868.97,23877.52,0
2026-01-09 14:01:00,23877.52,23885.91,23876.9,23880.67,0
2026-01-09 14:02:00,23880.67,23899.74,23879.51,23890.98,0
2026-01-09 14:03:00,23890.98,23897.49,23890.39,23896.51,0
2026-01-09 14:04:00,23896.51,23905.83,23890.83,23904.83,0
2026-01-09 14:05:00,23904.83,23905.72,23898.73,23899.16,0
2026-01-09 14:06:00,23899.16,23899.48,23891.47,23896.48,0
2026-01-09 14:07:00,23896.48,23899.93,23876.08,23878.89,0
2026-01-09 14:08:00,23878.89,23882.54,23878.7,23882.5,0
2026-01-09 14:09:00,23882.5,23885.41,23880.33,23884.68,0
2026-01-09 14:10:00,23884.68,23891.84,23884.56,23889.37,0
2026-01-09 14:11:00,23889.37,23892.82,23885.4,23887.22,0
2026-01-09 14:12:00,23887.22,23890.71,23886.57,23886.8,0
2026-01-09 14:13:00,23886.8,23891.1,23876.99,23878.54,0
2026-01-09 14:14:00,23878.54,23892.14,23876.43,23890.44,0
2026-01-09 14:15:00,23890.44,23892.99,23884.38,23884.64,0
2026-01-09 14:16:00,23884.64,23889.87,23883.84,23887.11,0
2026-01-09 14:17:00,23887.11,23896.6,23884.49,23893.71,0
2026-01-09 14:18:00,23893.71,23896.45,23887.54,23892.64,0
2026-01-09 14:19:00,23892.64,23895.29,23886.61,23889.34,0
2026-01-09 14:20:00,23889.34,23890.8,23886.8,23887.83,0
2026-01-09 14:21:00,23887.83,23891.61,23880.3,23883.19,0
2026-01-09 14:22:00,23883.19,23885.79,23877.92,23885.21,0
2026-01-09 14:23:00,23885.21,23886.72,23870.84,23874.29,0
2026-01-09 14:24:00,23874.29,23883.27,23873.91,23881.19,0
2026-01-09 14:25:00,23881.19,23891.11,23879.61,23890.0,0
2026-01-09 14:26:00,23890.0,23891.96,23883.38,23883.72,0
2026-01-09 14:27:00,23883.72,23891.56,23882.92,23887.74,0
2026-01-09 14:28:00,23887.74,23888.74,23882.1,23883.38,0
2026-01-09 14:29:00,23883.38,23884.58,23877.99,23880.59,0
2026-01-09 14:30:00,23880.59,23882.12,23879.77,23880.28,0
2026-01-09 14:31:00,23880.28,23880.71,23870.31,23872.02,0
2026-01-09 14:32:00,23872.02,23877.51,23868.62,23875.88,0
2026-01-09 14:33:00,23875.88,23879.37,23866.2,23868.12,0
2026-01-09 14:34:00,23868.12,23873.41,23864.28,23866.27,0
2026-01-09 14:35:00,23866.27,23868.32,23854.96,23857.11,0
2026-01-09 14:36:00,23857.11,23867.52,23856.05,23862.04,0
2026-01-09 14:37:00,23862.04,23863.21,23859.82,23860.41,0
2026-01-09 14:38:00,23860.41,23867.75,23856.17,23859.4,0
2026-01-09 14:39:00,23859.4,23861.75,23857.69,23858.75,0
2026-01-09 14:40:00,23858.75,23860.46,23852.45,23855.66,0
2026-01-09 14:41:00,23855.66,23868.84,23850.41,23868.22,0
2026-01-09 14:42:00,23868.22,23873.77,23864.79,23872.37,0
2026-01-09 14:43:00,23872.37,23876.53,23870.18,23875.0,0
2026-01-09 14:44:00,23875.0,23877.68,23871.31,23871.75,0
2026-01-09 14:45:00,23871.75,23874.34,23870.67,23873.87,0
2026-01-09 14:46:00,23873.87,23875.22,23869.63,23871.73,0
2026-01-09 14:47:00,23871.73,23878.37,23864.29,23869.31,0
2026-01-09 14:48:00,23869.31,23872.53,23862.31,23862.52,0
2026-01-09 14:49:00,23862.52,23866.24,23857.62,23863.9,0
2026-01-09 14:50:00,23863.9,23864.14,23856.88,23859.03,0
2026-01-09 14:51:00,23859.03,23874.2,23855.12,23870.49,0
2026-01-09 14:52:00,23870.49,23871.57,23866.56,23867.83,0
2026-01-09 14:53:00,23867.83,23871.01,23864.99,23865.73,0
2026-01-09 14:54:00,23865.73,23868.2,23852.19,23859.28,0
2026-01-09 14:55:00,23859.28,23864.15,23856.25,23857.35,0
2026-01-09 14:56:00,23857.35,23858.37,23850.57,23853.4,0
2026-01-09 14:57:00,23853.4,23856.15,23850.65,23854.08,0
2026-01-09 14:58:00,23854.08,23857.61,23852.23,23852.45,0
2026-01-09 14:59:00,23852.45,23863.18,23852.26,23862.35,0
2026-01-09 15:00:00,23862.35,23863.63,23848.48,23850.1,0
2026-01-09 15:01:00,23850.1,23854.08,23842.83,23844.5,0
2026-01-09 15:02:00,23844.5,23846.21,23839.1,23839.37,0
2026-01-09 15:03:00,23839.37,23846.94,23834.1,23845.28,0
2026-01-09 15:04:00,23845.28,23846.83,23840.28,23844.83,0
2026-01-09 15:05:00,23844.83,23849.2,23836.19,23838.19,0
2026-01-09 15:06:00,23838.19,23843.15,23835.6,23840.89,0
2026-01-09 15:07:00,23840.89,23843.64,23834.6,23835.24,0
2026-01-09 15:08:00,23835.24,23846.92,23835.18,23841.55,0
2026-01-09 15:09:00,23841.55,23847.2,23837.42,23841.27,0
2026-01-09 15:10:00,23841.27,23842.36,23837.54,23838.65,0
2026-01-09 15:11:00,23838.65,23841.96,23835.22,23839.5,0
2026-01-09 15:12:00,23839.5,23841.9,23826.53,23831.49,0
2026-01-09 15:13:00,23831.49,23833.23,23821.36,23823.22,0
2026-01-09 15:14:00,23823.22,23825.71,23820.26,23822.08,0
2026-01-09 15:15:00,23822.08,23822.19,23817.6,23818.68,0
2026-01-09 15:16:00,23818.68,23831.83,23817.58,23830.53,0
2026-01-09 15:17:00,23830.53,23837.34,23829.27,23833.75,0
2026-01-09 15:18:00,23833.75,23843.22,23832.99,23840.08,0
2026-01-09 15:19:00,23840.08,23840.21,23821.78,23828.66,0
2026-01-09 15:20:00,23828.66,23830.37,23827.86,23830.11,0
2026-01-09 15:21:00,23830.11,23834.84,23828.07,23830.97,0
2026-01-09 15:22:00,23830.97,23831.46,23827.46,23829.97,0
2026-01-09 15:23:00,23829.97,23832.11,23825.46,23829.35,0
2026-01-09 15:24:00,23829.35,23831.72,23823.04,23825.52,0
2026-01-09 15:25:00,23825.52,23835.14,23824.89,23833.42,0
2026-01-09 15:26:00,23833.42,23838.05,23828.66,23830.19,0
2026-01-09 15:27:00,23830.19,23842.82,23829.53,23839.42,0
2026-01-09 15:28:00,23839.42,23839.43,23836.76,23838.02,0
2026-01-09 15:29:00,23838.02,23839.29,23835.7,23837.97,0
2026-01-12 09:15:00,23837.97,23839.31,23834.8,23838.28,0
2026-01-12 09:16:00,23838.28,23842.1,23830.71,23830.96,0
2026-01-12 09:17:00,23830.96,23831.03,23827.67,23828.05,0
2026-01-12 09:18:00,23828.05,23829.31,23824.98,23826.68,0
2026-01-12 09:19:00,23826.68,23828.74,23816.75,23816.81,0
2026-01-12 09:20:00,23816.81,23827.78,23810.91,23826.63,0
2026-01-12 09:21:00,23826.63,23835.96,23825.01,23833.94,0
2026-01-12 09:22:00,23833.94,23850.24,23830.71,23847.03,0
2026-01-12 09:23:00,23847.03,23851.76,23844.56,23846.53,0
2026-01-12 09:24:00,23846.53,23852.83,23845.2,23849.85,0
2026-01-12 09:25:00,23849.85,23857.75,23847.91,23855.37,0
2026-01-12 09:26:00,23855.37,23858.62,23847.48,23851.28,0
2026-01-12 09:27:00,23851.28,23853.29,23847.46,23853.17,0
2026-01-12 09:28:00,23853.17,23855.71,23848.97,23854.79,0
2026-01-12 09:29:00,23854.79,23864.35,23854.72,23863.86,0
2026-01-12 09:30:00,23863.86,23866.9,23856.07,23857.94,0
2026-01-12 09:31:00,23857.94,23859.66,23850.44,23852.3,0
2026-01-12 09:32:00,23852.3,23857.01,23848.84,23850.05,0
2026-01-12 09:33:00,23850.05,23860.74,23846.39,23858.31,0
2026-01-12 09:34:00,23858.31,23865.17,23856.48,23864.73,0
2026-01-12 09:35:00,23864.73,23872.75,23863.38,23871.94,0
2026-01-12 09:36:00,23871.94,23874.1,23868.92,23869.57,0
2026-01-12 09:37:00,23869.57,23874.8,23863.06,23864.61,0
2026-01-12 09:38:00,23864.61,23875.11,23858.21,23871.88,0
2026-01-12 09:39:00,23871.88,23882.48,23871.12,23877.73,0
2026-01-12 09:40:00,23877.73,23879.11,23872.37,23875.16,0
2026-01-12 09:41:00,23875.16,23880.82,23874.38,23879.5,0
2026-01-12 09:42:00,23879.5,23879.87,23871.6,23874.49,0
2026-01-12 09:43:00,23874.49,23876.47,23872.43,23873.28,0
2026-01-12 09:44:00,23873.28,23878.98,23869.84,23878.47,0
2026-01-12 09:45:00,23878.47,23882.41,23866.32,23869.45,0
2026-01-12 09:46:00,23869.45,23870.87,23865.77,23868.93,0
2026-01-12 09:47:00,23868.93,23872.07,23867.49,23870.65,0
2026-01-12 09:48:00,23870.65,23872.51,23860.89,23861.17,0
2026-01-12 09:49:00,23861.17,23867.71,23860.79,23864.58,0
2026-01-12 09:50:00,23864.58,23878.85,23864.29,23876.44,0
2026-01-12 09:51:00,23876.44,23884.79,23876.04,23884.11,0
2026-01-12 09:52:00,23884.11,23886.4,23870.28,23871.58,0
2026-01-12 09:53:00,23871.58,23879.38,23870.53,23879.11,0
2026-01-12 09:54:00,23879.11,23882.34,23877.6,23881.68,0
2026-01-12 09:55:00,23881.68,23893.59,23881.33,23890.7,0
2026-01-12 09:56:00,23890.7,23897.88,23888.99,23895.46,0
2026-01-12 09:57:00,23895.46,23896.01,23894.24,23895.8,0
2026-01-12 09:58:00,23895.8,23900.18,23894.18,23899.12,0
2026-01-12 09:59:00,23899.12,23900.47,23895.95,23898.76,0
2026-01-12 10:00:00,23898.76,23900.99,23898.21,23898.71,0
2026-01-12 10:01:00,23898.71,23898.78,23895.78,23897.14,0
2026-01-12 10:02:00,23897.14,23903.96,23892.24,23902.91,0
2026-01-12 10:03:00,23902.91,23903.79,23895.38,23896.02,0
2026-01-12 10:04:00,23896.02,23899.77,23892.81,23893.25,0
2026-01-12 10:05:00,23893.25,23895.18,23888.45,23888.49,0
2026-01-12 10:06:00,23888.49,23889.43,23881.81,23883.98,0
2026-01-12 10:07:00,23883.98,23884.65,23877.14,23881.39,0
2026-01-12 10:08:00,23881.39,23893.41,23879.23,23890.65,0
2026-01-12 10:09:00,23890.65,23893.45,23888.29,23890.77,0
2026-01-12 10:10:00,23890.77,23890.89,23879.03,23881.2,0
2026-01-12 10:11:00,23881.2,23887.48,23879.71,23885.61,0
2026-01-12 10:12:00,23885.61,23898.95,23878.44,23898.19,0
2026-01-12 10:13:00,23898.19,23898.44,23891.81,23897.31,0
2026-01-12 10:14:00,23897.31,23898.62,23889.89,23894.22,0
2026-01-12 10:15:00,23894.22,23895.62,23890.52,23894.08,0
2026-01-12 10:16:00,23894.08,23907.46,23893.03,23904.59,0
2026-01-12 10:17:00,23904.59,23910.2,23903.28,23908.74,0
2026-01-12 10:18:00,23908.74,23909.84,23895.88,23899.51,0
2026-01-12 10:19:00,23899.51,23907.21,23897.43,23904.51,0
2026-01-12 10:20:00,23904.51,23908.2,23897.23,23899.11,0
2026-01-12 10:21:00,23899.11,23903.05,23898.37,23900.16,0
2026-01-12 10:22:00,23900.16,23901.48,23893.34,23894.98,0
2026-01-12 10:23:00,23894.98,23896.76,23883.22,23885.68,0
2026-01-12 10:24:00,23885.68,23887.21,23876.35,23879.14,0
2026-01-12 10:25:00,23879.14,23897.77,23878.0,23892.7,0
2026-01-12 10:26:00,23892.7,23899.56,23891.51,23899.41,0
2026-01-12 10:27:00,23899.41,23899.62,23890.88,23895.63,0
2026-01-12 10:28:00,23895.63,23908.29,23893.91,23906.16,0
2026-01-12 10:29:00,23906.16,23906.95,23899.59,23902.9,0
2026-01-12 10:30:00,23902.9,23905.56,23898.95,23900.7,0
2026-01-12 10:31:00,23900.7,23903.2,23886.0,23889.7,0
2026-01-12 10:32:00,23889.7,23892.9,23887.81,23891.37,0
2026-01-12 10:33:00,23891.37,23892.1,23888.46,23889.66,0
2026-01-12 10:34:00,23889.66,23898.97,23888.7,23895.03,0
2026-01-12 10:35:00,23895.03,23909.29,23889.9,23906.51,0
2026-01-12 10:36:00,23906.51,23908.75,23904.61,23904.98,0
2026-01-12 10:37:00,23904.98,23908.25,23903.82,23905.55,0
2026-01-12 10:38:00,23905.55,23917.92,23905.49,23917.44,0
2026-01-12 10:39:00,23917.44,23919.66,23916.91,23917.57,0
2026-01-12 10:40:00,23917.57,23918.23,23913.72,23917.54,0
2026-01-12 10:41:00,23917.54,23926.16,23915.79,23923.07,0
2026-01-12 10:42:00,23923.07,23925.65,23920.22,23923.19,0
2026-01-12 10:43:00,23923.19,23929.43,23921.69,23922.1,0
2026-01-12 10:44:00,23922.1,23934.47,23917.42,23930.36,0
2026-01-12 10:45:00,23930.36,23933.3,23926.06,23931.61,0
2026-01-12 10:46:00,23931.61,23933.3,23919.04,23921.16,0
2026-01-12 10:47:00,23921.16,23927.62,23918.14,23927.32,0
2026-01-12 10:48:00,23927.32,23935.11,23922.65,23930.72,0
2026-01-12 10:49:00,23930.72,23933.53,23923.17,23926.09,0
2026-01-12 10:50:00,23926.09,23938.36,23923.66,23935.78,0
2026-01-12 10:51:00,23935.78,23938.37,23932.34,23933.61,0
2026-01-12 10:52:00,23933.61,23939.55,23931.73,23937.93,0
2026-01-12 10:53:00,23937.93,23940.63,23921.06,23924.57,0
2026-01-12 10:54:00,23924.57,23936.17,23921.42,23934.18,0
2026-01-12 10:55:00,23934.18,23936.58,23931.56,23936.42,0
2026-01-12 10:56:00,23936.42,23945.51,23935.6,23942.86,0
2026-01-12 10:57:00,23942.86,23945.42,23932.84,23938.63,0
2026-01-12 10:58:00,23938.63,23942.05,23935.93,23940.89,0
2026-01-12 10:59:00,23940.89,23950.76,23937.72,23941.12,0
2026-01-12 11:00:00,23941.12,23942.91,23929.84,23931.09,0
2026-01-12 11:01:00,23931.09,23932.92,23928.03,23928.36,0
2026-01-12 11:02:00,23928.36,23935.72,23924.95,23934.21,0
2026-01-12 11:03:00,23934.21,23941.32,23930.3,23934.98,0
2026-01-12 11:04:00,23934.98,23938.0,23924.23,23924.97,0
2026-01-12 11:05:00,23924.97,23925.17,23914.59,23917.14,0
2026-01-12 11:06:00,23917.14,23917.3,23908.96,23911.13,0
2026-01-12 11:07:00,23911.13,23912.95,23901.82,23905.49,0
2026-01-12 11:08:00,23905.49,23909.57,23905.25,23909.53,0
2026-01-12 11:09:00,23909.53,23911.17,23908.97,23910.33,0
2026-01-12 11:10:00,23910.33,23912.99,23897.71,23900.23,0
2026-01-12 11:11:00,23900.23,23902.3,23882.05,23885.45,0
2026-01-12 11:12:00,23885.45,23885.68,23882.88,23884.62,0
2026-01-12 11:13:00,23884.62,23888.54,23883.86,23887.74,0
2026-01-12 11:14:00,23887.74,23888.5,23879.07,23882.12,0
2026-01-12 11:15:00,23882.12,23886.33,23879.21,23882.43,0
2026-01-12 11:16:00,23882.43,23888.8,23879.4,23884.95,0
2026-01-12 11:17:00,23884.95,23896.42,23878.57,23890.35,0
2026-01-12 11:18:00,23890.35,23891.36,23887.14,23890.44,0
2026-01-12 11:19:00,23890.44,23891.56,23877.66,23884.31,0
2026-01-12 11:20:00,23884.31,23895.83,23884.25,23890.17,0
2026-01-12 11:21:00,23890.17,23899.86,23888.44,23898.04,0
2026-01-12 11:22:00,23898.04,23902.77,23896.19,23898.63,0
2026-01-12 11:23:00,23898.63,23908.66,23896.94,23905.16,0
2026-01-12 11:24:00,23905.16,23913.8,23904.44,23911.8,0
2026-01-12 11:25:00,23911.8,23915.48,23910.78,23911.73,0
2026-01-12 11:26:00,23911.73,23919.54,23906.99,23909.44,0
2026-01-12 11:27:00,23909.44,23911.9,23901.88,23904.65,0
2026-01-12 11:28:00,23904.65,23911.63,23897.96,23900.59,0
2026-01-12 11:29:00,23900.59,23901.8,23899.85,23901.05,0
2026-01-12 11:30:00,23901.05,23902.15,23897.84,23901.43,0
2026-01-12 11:31:00,23901.43,23901.65,23889.85,23892.79,0
2026-01-12 11:32:00,23892.79,23898.8,23888.76,23894.17,0
2026-01-12 11:33:00,23894.17,23895.99,23889.15,23892.7,0
2026-01-12 11:34:00,23892.7,23904.17,23890.54,23902.7,0
2026-01-12 11:35:00,23902.7,23905.65,23901.05,23901.35,0
2026-01-12 11:36:00,23901.35,23905.81,23893.47,23895.21,0
2026-01-12 11:37:00,23895.21,23903.1,23888.26,23902.04,0
2026-01-12 11:38:00,23902.04,23907.06,23895.01,23906.78,0
2026-01-12 11:39:00,23906.78,23910.38,23901.86,23907.39,0
2026-01-12 11:40:00,23907.39,23909.67,23900.37,23901.36,0
2026-01-12 11:41:00,23901.36,23902.19,23898.87,23900.4,0
2026-01-12 11:42:00,23900.4,23905.71,23899.2,23903.81,0
2026-01-12 11:43:00,23903.81,23907.7,23892.54,23896.27,0
2026-01-12 11:44:00,23896.27,23896.35,23890.56,23892.94,0
2026-01-12 11:45:00,23892.94,23894.42,23875.94,23882.89,0
2026-01-12 11:46:00,23882.89,23886.5,23876.86,23884.49,0
2026-01-12 11:47:00,23884.49,23885.19,23883.28,23884.57,0
2026-01-12 11:48:00,23884.57,23890.77,23880.78,23885.63,0
2026-01-12 11:49:00,23885.63,23888.29,23876.93,23877.19,0
2026-01-12 11:50:00,23877.19,23889.83,23875.42,23883.99,0
2026-01-12 11:51:00,23883.99,23894.71,23878.64,23892.37,0
2026-01-12 11:52:00,23892.37,23893.36,23887.93,23887.97,0
2026-01-12 11:53:00,23887.97,23899.4,23883.51,23895.48,0
2026-01-12 11:54:00,23895.48,23900.34,23894.02,23898.91,0
2026-01-12 11:55:00,23898.91,23902.66,23886.82,23890.42,0
2026-01-12 11:56:00,23890.42,23893.5,23888.43,23890.95,0
2026-01-12 11:57:00,23890.95,23894.23,23887.62,23893.77,0
2026-01-12 11:58:00,23893.77,23896.81,23891.59,23895.19,0
2026-01-12 11:59:00,23895.19,23899.93,23893.96,23898.64,0
2026-01-12 12:00:00,23898.64,23909.85,23894.89,23907.62,0
2026-01-12 12:01:00,23907.62,23914.41,23906.49,23912.45,0
2026-01-12 12:02:00,23912.45,23917.68,23903.39,23906.15,0
2026-01-12 12:03:00,23906.15,23912.38,23905.62,23909.69,0
2026-01-12 12:04:00,23909.69,23915.5,23908.52,23910.22,0
2026-01-12 12:05:00,23910.22,23914.78,23899.05,23899.97,0
2026-01-12 12:06:00,23899.97,23906.22,23899.32,23904.1,0
2026-01-12 12:07:00,23904.1,23908.95,23902.02,23908.81,0
2026-01-12 12:08:00,23908.81,23910.98,23903.77,23906.58,0
2026-01-12 12:09:00,23906.58,23909.49,23899.77,23900.12,0
2026-01-12 12:10:00,23900.12,23916.0,23896.44,23912.64,0
2026-01-12 12:11:00,23912.64,23916.56,23910.89,23915.06,0
2026-01-12 12:12:00,23915.06,23916.45,23909.77,23914.9,0
2026-01-12 12:13:00,23914.9,23916.67,23912.12,23914.78,0
2026-01-12 12:14:00,23914.78,23921.84,23910.54,23921.64,0
2026-01-12 12:15:00,23921.64,23931.64,23919.81,23929.37,0
2026-01-12 12:16:00,23929.37,23938.45,23928.96,23935.46,0
2026-01-12 12:17:00,23935.46,23936.84,23919.72,23921.89,0
2026-01-12 12:18:00,23921.89,23922.12,23913.79,23916.97,0
2026-01-12 12:19:00,23916.97,23924.77,23913.55,23919.21,0
2026-01-12 12:20:00,23919.21,23926.86,23917.61,23925.33,0
2026-01-12 12:21:00,23925.33,23929.11,23922.57,23924.61,0
2026-01-12 12:22:00,23924.61,23931.14,23923.93,23928.92,0
2026-01-12 12:23:00,23928.92,23932.12,23924.31,23928.84,0
2026-01-12 12:24:00,23928.84,23932.85,23919.78,23920.91,0
2026-01-12 12:25:00,23920.91,23933.7,23920.3,23930.68,0
2026-01-12 12:26:00,23930.68,23939.31,23930.52,23934.22,0
2026-01-12 12:27:00,23934.22,23936.33,23931.36,23931.65,0
2026-01-12 12:28:00,23931.65,23933.84,23921.66,23927.25,0
2026-01-12 12:29:00,23927.25,23931.25,23919.99,23921.42,0
2026-01-12 12:30:00,23921.42,23922.49,23916.23,23919.52,0
2026-01-12 12:31:00,23919.52,23925.39,23917.89,23922.56,0
2026-01-12 12:32:00,23922.56,23929.07,23920.71,23928.73,0
2026-01-12 12:33:00,23928.73,23937.1,23922.47,23933.75,0
2026-01-12 12:34:00,23933.75,23935.78,23925.41,23927.44,0
2026-01-12 12:35:00,23927.44,23930.88,23924.23,23929.49,0
2026-01-12 12:36:00,23929.49,23932.25,23911.84,23913.72,0
2026-01-12 12:37:00,23913.72,23915.39,23911.56,23912.14,0
2026-01-12 12:38:00,23912.14,23916.46,23904.52,23906.21,0
2026-01-12 12:39:00,23906.21,23906.82,23900.2,23903.38,0
2026-01-12 12:40:00,23903.38,23904.25,23895.11,23896.18,0
2026-01-12 12:41:00,23896.18,23899.04,23892.2,23896.77,0
2026-01-12 12:42:00,23896.77,23901.36,23885.86,23886.94,0
2026-01-12 12:43:00,23886.94,23890.42,23880.78,23882.34,0
2026-01-12 12:44:00,23882.34,23884.1,23876.58,23879.92,0
2026-01-12 12:45:00,23879.92,23886.6,23878.88,23881.81,0
2026-01-12 12:46:00,23881.81,23883.53,23876.33,23878.38,0
2026-01-12 12:47:00,23878.38,23880.59,23876.64,23879.85,0
2026-01-12 12:48:00,23879.85,23885.51,23879.25,23882.49,0
2026-01-12 12:49:00,23882.49,23883.9,23873.29,23877.08,0
2026-01-12 12:50:00,23877.08,23879.54,23871.87,23873.68,0
2026-01-12 12:51:00,23873.68,23878.1,23871.46,23872.2,0
2026-01-12 12:52:00,23872.2,23873.07,23861.63,23863.82,0
2026-01-12 12:53:00,23863.82,23867.7,23858.08,23867.0,0
2026-01-12 12:54:00,23867.0,23873.75,23863.45,23873.49,0
2026-01-12 12:55:00,23873.49,23873.98,23863.29,23865.78,0
2026-01-12 12:56:00,23865.78,23871.48,23864.34,23866.82,0
2026-01-12 12:57:00,23866.82,23878.97,23862.72,23875.99,0
2026-01-12 12:58:00,23875.99,23878.44,23863.19,23866.1,0
2026-01-12 12:59:00,23866.1,23866.53,23865.54,23865.58,0
2026-01-12 13:00:00,23865.58,23867.15,23862.72,23866.64,0
2026-01-12 13:01:00,23866.64,23866.96,23862.38,23864.97,0
2026-01-12 13:02:00,23864.97,23872.76,23860.18,23867.69,0
2026-01-12 13:03:00,23867.69,23868.51,23864.5,23864.56,0
2026-01-12 13:04:00,23864.56,23867.2,23864.46,23865.12,0
2026-01-12 13:05:00,23865.12,23865.4,23860.68,23865.15,0
2026-01-12 13:06:00,23865.15,23870.16,23860.59,23865.91,0
2026-01-12 13:07:00,23865.91,23870.31,23864.13,23869.32,0
2026-01-12 13:08:00,23869.32,23870.2,23861.15,23861.41,0
2026-01-12 13:09:00,23861.41,23862.44,23854.91,23857.47,0
2026-01-12 13:10:00,23857.47,23863.62,23856.96,23862.04,0
2026-01-12 13:11:00,23862.04,23864.31,23849.92,23854.23,0
2026-01-12 13:12:00,23854.23,23865.01,23853.42,23861.66,0
2026-01-12 13:13:00,23861.66,23863.86,23858.05,23863.83,0
2026-01-12 13:14:00,23863.83,23870.0,23859.99,23862.26,0
2026-01-12 13:15:00,23862.26,23862.26,23855.78,23860.41,0
2026-01-12 13:16:00,23860.41,23861.27,23849.01,23856.14,0
2026-01-12 13:17:00,23856.14,23858.82,23851.24,23851.46,0
2026-01-12 13:18:00,23851.46,23853.26,23843.93,23849.74,0
2026-01-12 13:19:00,23849.74,23860.82,23848.89,23855.18,0
2026-01-12 13:20:00,23855.18,23855.64,23852.89,23854.82,0
2026-01-12 13:21:00,23854.82,23855.17,23850.55,23852.0,0
2026-01-12 13:22:00,23852.0,23853.12,23849.0,23849.97,0
2026-01-12 13:23:00,23849.97,23856.96,23848.43,23854.08,0
2026-01-12 13:24:00,23854.08,23857.53,23850.87,23851.6,0
2026-01-12 13:25:00,23851.6,23855.32,23836.5,23842.08,0
2026-01-12 13:26:00,23842.08,23847.78,23839.43,23844.06,0
2026-01-12 13:27:00,23844.06,23849.04,23839.4,23844.88,0
2026-01-12 13:28:00,23844.88,23845.74,23837.16,23842.75,0
2026-01-12 13:29:00,23842.75,23847.31,23836.12,23837.1,0
2026-01-12 13:30:00,23837.1,23841.36,23835.69,23837.65,0
2026-01-12 13:31:00,23837.65,23842.09,23832.79,23832.84,0
2026-01-12 13:32:00,23832.84,23839.76,23825.23,23835.82,0
2026-01-12 13:33:00,23835.82,23845.36,23831.45,23843.55,0
2026-01-12 13:34:00,23843.55,23848.81,23842.29,23848.19,0
2026-01-12 13:35:00,23848.19,23852.32,23847.87,23850.49,0
2026-01-12 13:36:00,23850.49,23852.54,23846.22,23851.24,0
2026-01-12 13:37:00,23851.24,23852.71,23841.42,23842.92,0
2026-01-12 13:38:00,23842.92,23846.92,23840.44,23843.55,0
2026-01-12 13:39:00,23843.55,23849.6,23836.79,23841.3,0
2026-01-12 13:40:00,23841.3,23847.79,23831.05,23832.61,0
2026-01-12 13:41:00,23832.61,23839.46,23828.04,23830.07,0
2026-01-12 13:42:00,23830.07,23842.62,23829.31,23838.7,0
2026-01-12 13:43:00,23838.7,23839.81,23828.02,23828.84,0
2026-01-12 13:44:00,23828.84,23831.89,23827.83,23831.53,0
2026-01-12 13:45:00,23831.53,23833.4,23817.97,23822.13,0
2026-01-12 13:46:00,23822.13,23824.79,23806.93,23813.66,0
2026-01-12 13:47:00,23813.66,23821.46,23810.07,23817.42,0
2026-01-12 13:48:00,23817.42,23818.39,23805.43,23806.62,0
2026-01-12 13:49:00,23806.62,23817.2,23806.07,23813.76,0
2026-01-12 13:50:00,23813.76,23827.04,23812.37,23824.2,0
2026-01-12 13:51:00,23824.2,23831.37,23817.37,23818.54,0
2026-01-12 13:52:00,23818.54,23821.27,23817.16,23820.94,0
2026-01-12 13:53:00,23820.94,23821.36,23811.33,23811.66,0
2026-01-12 13:54:00,23811.66,23818.87,23807.1,23817.38,0
2026-01-12 13:55:00,23817.38,23817.5,23810.47,23811.19,0
2026-01-12 13:56:00,23811.19,23816.52,23809.62,23815.41,0
2026-01-12 13:57:00,23815.41,23821.16,23815.25,23816.24,0
2026-01-12 13:58:00,23816.24,23818.72,23812.69,23817.09,0
2026-01-12 13:59:00,23817.09,23818.47,23810.98,23811.77,0
2026-01-12 14:00:00,23811.77,23815.53,23796.22,23799.35,0
2026-01-12 14:01:00,23799.35,23809.29,23795.68,23799.48,0
2026-01-12 14:02:00,23799.48,23815.8,23796.84,23811.27,0
2026-01-12 14:03:00,23811.27,23815.73,23801.88,23803.09,0
2026-01-12 14:04:00,23803.09,23803.24,23793.92,23796.12,0
2026-01-12 14:05:00,23796.12,23802.32,23794.61,23801.81,0
2026-01-12 14:06:00,23801.81,23808.47,23801.58,23806.27,0
2026-01-12 14:07:00,23806.27,23814.88,23805.18,23810.68,0
2026-01-12 14:08:00,23810.68,23813.36,23795.68,23799.27,0
2026-01-12 14:09:00,23799.27,23801.35,23798.61,23798.75,0
2026-01-12 14:10:00,23798.75,23804.35,23798.15,23804.08,0
2026-01-12 14:11:00,23804.08,23807.62,23803.68,23806.92,0
2026-01-12 14:12:00,23806.92,23814.64,23803.57,23812.99,0
2026-01-12 14:13:00,23812.99,23813.63,23801.57,23806.59,0
2026-01-12 14:14:00,23806.59,23811.19,23802.46,23803.5,0
2026-01-12 14:15:00,23803.5,23815.13,23800.58,23810.84,0
2026-01-12 14:16:00,23810.84,23815.96,23808.4,23813.57,0
2026-01-12 14:17:00,23813.57,23815.06,23803.68,23803.88,0
2026-01-12 14:18:00,23803.88,23805.97,23803.07,23804.59,0
2026-01-12 14:19:00,23804.59,23807.71,23790.62,23794.8,0
2026-01-12 14:20:00,23794.8,23795.18,23783.31,23787.12,0
2026-01-12 14:21:00,23787.12,23789.35,23779.67,23783.0,0
2026-01-12 14:22:00,23783.0,23783.19,23771.5,23772.91,0
2026-01-12 14:23:00,23772.91,23775.72,23770.11,23771.52,0
2026-01-12 14:24:00,23771.52,23773.11,23762.58,23764.51,0
2026-01-12 14:25:00,23764.51,23771.67,23763.23,23769.08,0
2026-01-12 14:26:00,23769.08,23771.88,23764.31,23771.65,0
2026-01-12 14:27:00,23771.65,23775.26,23769.64,23772.66,0
2026-01-12 14:28:00,23772.66,23774.23,23767.82,23767.86,0
2026-01-12 14:29:00,23767.86,23773.89,23762.8,23768.91,0
2026-01-12 14:30:00,23768.91,23772.18,23766.94,23767.41,0
2026-01-12 14:31:00,23767.41,23773.73,23763.84,23769.27,0
2026-01-12 14:32:00,23769.27,23771.82,23767.55,23769.53,0
2026-01-12 14:33:00,23769.53,23772.44,23758.81,23759.38,0
2026-01-12 14:34:00,23759.38,23765.83,23755.5,23760.49,0
2026-01-12 14:35:00,23760.49,23763.52,23748.87,23751.52,0
2026-01-12 14:36:00,23751.52,23761.43,23749.9,23760.99,0
2026-01-12 14:37:00,23760.99,23766.36,23759.18,23761.84,0
2026-01-12 14:38:00,23761.84,23774.04,23760.12,23771.76,0
2026-01-12 14:39:00,23771.76,23777.17,23761.51,23765.9,0
2026-01-12 14:40:00,23765.9,23766.82,23761.19,23763.85,0
2026-01-12 14:41:00,23763.85,23763.87,23753.64,23760.54,0
2026-01-12 14:42:00,23760.54,23762.06,23759.8,23760.16,0
2026-01-12 14:43:00,23760.16,23767.99,23758.98,23765.61,0
2026-01-12 14:44:00,23765.61,23767.65,23753.41,23755.4,0
2026-01-12 14:45:00,23755.4,23767.61,23749.09,23764.11,0
2026-01-12 14:46:00,23764.11,23770.0,23762.96,23769.21,0
2026-01-12 14:47:00,23769.21,23772.75,23765.17,23767.41,0
2026-01-12 14:48:00,23767.41,23769.51,23762.35,23763.86,0
2026-01-12 14:49:00,23763.86,23766.22,23763.18,23764.51,0
2026-01-12 14:50:00,23764.51,23768.42,23758.71,23761.64,0
2026-01-12 14:51:00,23761.64,23761.75,23753.44,23757.42,0
2026-01-12 14:52:00,23757.42,23762.59,23754.44,23755.74,0
2026-01-12 14:53:00,23755.74,23765.7,23753.27,23759.62,0
2026-01-12 14:54:00,23759.62,23763.3,23758.22,23761.61,0
2026-01-12 14:55:00,23761.61,23766.16,23759.0,23764.67,0
2026-01-12 14:56:00,23764.67,23768.09,23761.7,23765.04,0
2026-01-12 14:57:00,23765.04,23766.97,23758.64,23765.98,0
2026-01-12 14:58:00,23765.98,23769.04,23753.88,23753.91,0
2026-01-12 14:59:00,23753.91,23774.95,23753.19,23770.47,0
2026-01-12 15:00:00,23770.47,23772.09,23762.84,23766.96,0
2026-01-12 15:01:00,23766.96,23779.29,23763.37,23776.34,0
2026-01-12 15:02:00,23776.34,23777.23,23768.72,23769.22,0
2026-01-12 15:03:00,23769.22,23775.17,23765.33,23772.83,0
2026-01-12 15:04:00,23772.83,23772.89,23771.65,23772.43,0
2026-01-12 15:05:00,23772.43,23774.54,23765.25,23766.23,0
2026-01-12 15:06:00,23766.23,23774.32,23763.69,23768.9,0
2026-01-12 15:07:00,23768.9,23768.92,23764.76,23767.25,0
2026-01-12 15:08:00,23767.25,23769.96,23764.87,23766.21,0
2026-01-12 15:09:00,23766.21,23768.2,23750.06,23755.97,0
2026-01-12 15:10:00,23755.97,23757.19,23752.57,23754.3,0
2026-01-12 15:11:00,23754.3,23755.48,23750.63,23755.29,0
2026-01-12 15:12:00,23755.29,23762.36,23753.27,23758.78,0
2026-01-12 15:13:00,23758.78,23765.67,23758.2,23760.69,0
2026-01-12 15:14:00,23760.69,23761.46,23757.4,23759.69,0
2026-01-12 15:15:00,23759.69,23760.55,23757.94,23759.17,0
2026-01-12 15:16:00,23759.17,23761.48,23754.01,23755.94,0
2026-01-12 15:17:00,23755.94,23757.55,23751.52,23752.71,0
2026-01-12 15:18:00,23752.71,23766.23,23749.88,23758.41,0
2026-01-12 15:19:00,23758.41,23758.89,23748.96,23751.31,0
2026-01-12 15:20:00,23751.31,23770.65,23747.33,23766.15,0
2026-01-12 15:21:00,23766.15,23769.51,23764.59,23768.38,0
2026-01-12 15:22:00,23768.38,23771.09,23755.59,23755.62,0
2026-01-12 15:23:00,23755.62,23762.23,23752.43,23759.22,0
2026-01-12 15:24:00,23759.22,23759.34,23754.43,23755.45,0
2026-01-12 15:25:00,23755.45,23756.47,23751.4,23753.38,0
2026-01-12 15:26:00,23753.38,23753.68,23742.02,23746.58,0
2026-01-12 15:27:00,23746.58,23749.23,23741.3,23743.39,0
2026-01-12 15:28:00,23743.39,23755.78,23740.78,23754.31,0
2026-01-12 15:29:00,23754.31,23757.45,23751.12,23754.91,0
2026-01-13 09:15:00,23754.91,23757.09,23753.3,23755.54,0
2026-01-13 09:16:00,23755.54,23767.34,23754.21,23766.8,0
2026-01-13 09:17:00,23766.8,23771.71,23761.19,23762.65,0
2026-01-13 09:18:00,23762.65,23765.97,23760.44,23764.55,0
2026-01-13 09:19:00,23764.55,23768.29,23763.27,23766.95,0
2026-01-13 09:20:00,23766.95,23771.6,23764.44,23768.74,0
2026-01-13 09:21:00,23768.74,23769.73,23762.57,23762.97,0
2026-01-13 09:22:00,23762.97,23766.32,23754.4,23760.52,0
2026-01-13 09:23:00,23760.52,23774.5,23760.16,23769.41,0
2026-01-13 09:24:00,23769.41,23770.33,23758.21,23762.01,0
2026-01-13 09:25:00,23762.01,23766.97,23757.01,23765.42,0
2026-01-13 09:26:00,23765.42,23773.8,23762.66,23772.45,0
2026-01-13 09:27:00,23772.45,23772.78,23768.3,23769.77,0
2026-01-13 09:28:00,23769.77,23771.53,23753.55,23759.48,0
2026-01-13 09:29:00,23759.48,23761.02,23757.77,23758.1,0
2026-01-13 09:30:00,23758.1,23760.01,23746.92,23748.9,0
2026-01-13 09:31:00,23748.9,23760.01,23743.59,23755.35,0
2026-01-13 09:32:00,23755.35,23759.45,23753.12,23758.04,0
2026-01-13 09:33:00,23758.04,23758.45,23746.07,23748.14,0
2026-01-13 09:34:00,23748.14,23749.21,23741.52,23744.38,0
2026-01-13 09:35:00,23744.38,23754.79,23741.7,23750.91,0
2026-01-13 09:36:00,23750.91,23751.84,23742.81,23748.98,0
2026-01-13 09:37:00,23748.98,23753.02,23747.27,23750.59,0
2026-01-13 09:38:00,23750.59,23753.42,23750.4,23752.59,0
2026-01-13 09:39:00,23752.59,23758.72,23749.07,23755.3,0
2026-01-13 09:40:00,23755.3,23758.54,23750.77,23752.82,0
2026-01-13 09:41:00,23752.82,23767.81,23751.51,23764.2,0
2026-01-13 09:42:00,23764.2,23768.18,23760.4,23766.17,0
2026-01-13 09:43:00,23766.17,23773.71,23765.29,23769.39,0
2026-01-13 09:44:00,23769.39,23771.59,23768.42,23768.56,0
2026-01-13 09:45:00,23768.56,23770.89,23763.52,23769.19,0
2026-01-13 09:46:00,23769.19,23771.23,23764.12,23767.18,0
2026-01-13 09:47:00,23767.18,23778.17,23764.43,23775.26,0
2026-01-13 09:48:00,23775.26,23780.68,23767.75,23779.36,0
2026-01-13 09:49:00,23779.36,23785.64,23777.73,23781.2,0
2026-01-13 09:50:00,23781.2,23795.72,23780.75,23790.38,0
2026-01-13 09:51:00,23790.38,23795.05,23780.94,23782.25,0
2026-01-13 09:52:00,23782.25,23787.25,23774.14,23776.23,0
2026-01-13 09:53:00,23776.23,23777.61,23754.85,23761.24,0
2026-01-13 09:54:00,23761.24,23762.6,23757.85,23761.82,0
2026-01-13 09:55:00,23761.82,23765.2,23759.34,23763.82,0
2026-01-13 09:56:00,23763.82,23773.2,23761.23,23771.91,0
2026-01-13 09:57:00,23771.91,23780.74,23770.43,23780.58,0
2026-01-13 09:58:00,23780.58,23784.9,23778.78,23781.45,0
2026-01-13 09:59:00,23781.45,23783.55,23778.26,23779.41,0
2026-01-13 10:00:00,23779.41,23785.01,23776.31,23780.19,0
2026-01-13 10:01:00,23780.19,23781.36,23772.66,23774.12,0
2026-01-13 10:02:00,23774.12,23786.4,23767.42,23781.73,0
2026-01-13 10:03:00,23781.73,23792.35,23781.19,23791.03,0
2026-01-13 10:04:00,23791.03,23793.0,23786.99,23788.92,0
2026-01-13 10:05:00,23788.92,23795.58,23783.26,23793.34,0
2026-01-13 10:06:00,23793.34,23795.39,23791.8,23792.34,0
2026-01-13 10:07:00,23792.34,23793.22,23792.19,23792.57,0
2026-01-13 10:08:00,23792.57,23797.09,23792.13,23794.6,0
2026-01-13 10:09:00,23794.6,23798.01,23788.97,23791.05,0
2026-01-13 10:10:00,23791.05,23791.49,23783.57,23788.14,0
2026-01-13 10:11:00,23788.14,23791.44,23784.23,23786.63,0
2026-01-13 10:12:00,23786.63,23790.99,23785.79,23787.74,0
2026-01-13 10:13:00,23787.74,23789.02,23780.94,23784.87,0
2026-01-13 10:14:00,23784.87,23788.22,23770.98,23775.37,0
2026-01-13 10:15:00,23775.37,23775.51,23771.0,23771.65,0
2026-01-13 10:16:00,23771.65,23782.83,23771.51,23781.38,0
2026-01-13 10:17:00,23781.38,23787.09,23779.02,23786.98,0
2026-01-13 10:18:00,23786.98,23797.95,23783.23,23793.55,0
2026-01-13 10:19:00,23793.55,23799.13,23785.43,23786.65,0
2026-01-13 10:20:00,23786.65,23794.65,23779.69,23791.15,0
2026-01-13 10:21:00,23791.15,23794.14,23778.2,23781.67,0
2026-01-13 10:22:00,23781.67,23785.48,23773.1,23784.56,0
2026-01-13 10:23:00,23784.56,23787.7,23776.89,23787.15,0
2026-01-13 10:24:00,23787.15,23810.18,23785.52,23802.83,0
2026-01-13 10:25:00,23802.83,23803.52,23800.59,23802.81,0
2026-01-13 10:26:00,23802.81,23805.44,23800.19,23801.25,0
2026-01-13 10:27:00,23801.25,23804.52,23783.09,23788.89,0
2026-01-13 10:28:00,23788.89,23789.13,23779.31,23784.87,0
2026-01-13 10:29:00,23784.87,23791.41,23782.71,23791.05,0
2026-01-13 10:30:00,23791.05,23793.72,23786.54,23789.47,0
2026-01-13 10:31:00,23789.47,23794.96,23788.7,23790.26,0
2026-01-13 10:32:00,23790.26,23791.28,23787.51,23788.07,0
2026-01-13 10:33:00,23788.07,23790.69,23785.49,23786.24,0
2026-01-13 10:34:00,23786.24,23793.52,23786.16,23788.14,0
2026-01-13 10:35:00,23788.14,23789.5,23771.09,23777.82,0
2026-01-13 10:36:00,23777.82,23780.17,23774.74,23775.23,0
2026-01-13 10:37:00,23775.23,23776.21,23757.86,23758.41,0
2026-01-13 10:38:00,23758.41,23760.11,23746.98,23749.55,0
2026-01-13 10:39:00,23749.55,23751.66,23736.81,23738.68,0
2026-01-13 10:40:00,23738.68,23753.63,23738.11,23749.95,0
2026-01-13 10:41:00,23749.95,23750.72,23744.1,23746.94,0
2026-01-13 10:42:00,23746.94,23748.17,23741.07,23743.91,0
2026-01-13 10:43:00,23743.91,23745.63,23737.25,23738.57,0
2026-01-13 10:44:00,23738.57,23738.99,23737.02,23738.62,0
2026-01-13 10:45:00,23738.62,23744.06,23734.25,23738.25,0
2026-01-13 10:46:00,23738.25,23738.39,23728.51,23728.78,0
2026-01-13 10:47:00,23728.78,23733.05,23728.4,23728.99,0
2026-01-13 10:48:00,23728.99,23731.87,23728.07,23729.87,0
2026-01-13 10:49:00,23729.87,23734.29,23715.22,23715.52,0
2026-01-13 10:50:00,23715.52,23718.3,23714.18,23717.82,0
2026-01-13 10:51:00,23717.82,23722.09,23715.17,23718.91,0
2026-01-13 10:52:00,23718.91,23720.28,23715.32,23718.44,0
2026-01-13 10:53:00,23718.44,23724.22,23717.63,23721.63,0
2026-01-13 10:54:00,23721.63,23722.18,23714.74,23716.58,0
2026-01-13 10:55:00,23716.58,23725.86,23710.16,23723.35,0
2026-01-13 10:56:00,23723.35,23731.18,23720.3,23727.26,0
2026-01-13 10:57:00,23727.26,23729.79,23721.62,23724.47,0
2026-01-13 10:58:00,23724.47,23730.61,23721.08,23730.43,0
2026-01-13 10:59:00,23730.43,23731.22,23719.0,23721.44,0
2026-01-13 11:00:00,23721.44,23722.75,23714.36,23717.44,0
2026-01-13 11:01:00,23717.44,23719.41,23701.46,23705.29,0
2026-01-13 11:02:00,23705.29,23706.3,23703.16,23705.04,0
2026-01-13 11:03:00,23705.04,23708.63,23698.27,23698.33,0
2026-01-13 11:04:00,23698.33,23710.51,23698.32,23707.52,0
2026-01-13 11:05:00,23707.52,23714.68,23704.05,23713.48,0
2026-01-13 11:06:00,23713.48,23714.27,23700.99,23703.64,0
2026-01-13 11:07:00,23703.64,23705.94,23702.46,23705.83,0
2026-01-13 11:08:00,23705.83,23712.37,23701.6,23712.24,0
2026-01-13 11:09:00,23712.24,23722.22,23711.08,23720.31,0
2026-01-13 11:10:00,23720.31,23723.44,23719.58,23720.33,0
2026-01-13 11:11:00,23720.33,23728.18,23718.98,23727.56,0
2026-01-13 11:12:00,23727.56,23729.48,23722.14,23724.57,0
2026-01-13 11:13:00,23724.57,23730.75,23721.84,23730.04,0
2026-01-13 11:14:00,23730.04,23730.47,23719.71,23724.91,0
2026-01-13 11:15:00,23724.91,23729.51,23722.25,23729.46,0
2026-01-13 11:16:00,23729.46,23741.48,23729.45,23740.66,0
2026-01-13 11:17:00,23740.66,23744.58,23737.64,23738.16,0
2026-01-13 11:18:00,23738.16,23738.71,23732.54,23735.48,0
2026-01-13 11:19:00,23735.48,23735.95,23720.79,23729.27,0
2026-01-13 11:20:00,23729.27,23742.05,23726.01,23736.19,0
2026-01-13 11:21:00,23736.19,23740.82,23734.85,23735.35,0
2026-01-13 11:22:00,23735.35,23738.78,23731.43,23736.6,0
2026-01-13 11:23:00,23736.6,23738.5,23732.34,23733.06,0
2026-01-13 11:24:00,23733.06,23747.08,23732.94,23746.5,0
2026-01-13 11:25:00,23746.5,23748.84,23735.95,23743.5,0
2026-01-13 11:26:00,23743.5,23754.85,23740.35,23750.34,0
2026-01-13 11:27:00,23750.34,23756.66,23746.65,23756.57,0
2026-01-13 11:28:00,23756.57,23764.73,23751.64,23762.8,0
2026-01-13 11:29:00,23762.8,23765.06,23761.48,23763.59,0
2026-01-13 11:30:00,23763.59,23766.9,23758.87,23763.81,0
2026-01-13 11:31:00,23763.81,23764.03,23758.5,23759.45,0
2026-01-13 11:32:00,23759.45,23759.53,23756.9,23757.07,0
2026-01-13 11:33:00,23757.07,23763.58,23756.35,23763.25,0
2026-01-13 11:34:00,23763.25,23770.96,23748.24,23752.55,0
2026-01-13 11:35:00,23752.55,23761.44,23751.34,23754.66,0
2026-01-13 11:36:00,23754.66,23754.66,23751.94,23754.09,0
2026-01-13 11:37:00,23754.09,23756.54,23750.56,23751.61,0
2026-01-13 11:38:00,23751.61,23753.05,23750.83,23751.46,0
2026-01-13 11:39:00,23751.46,23758.54,23750.38,23758.48,0
2026-01-13 11:40:00,23758.48,23758.78,23748.84,23751.54,0
2026-01-13 11:41:00,23751.54,23754.11,23741.22,23743.06,0
2026-01-13 11:42:00,23743.06,23745.18,23725.64,23731.07,0
2026-01-13 11:43:00,23731.07,23734.97,23727.18,23730.44,0
2026-01-13 11:44:00,23730.44,23735.87,23729.81,23734.67,0
2026-01-13 11:45:00,23734.67,23736.1,23728.97,23733.52,0
2026-01-13 11:46:00,23733.52,23736.87,23729.4,23736.39,0
2026-01-13 11:47:00,23736.39,23743.63,23734.48,23739.01,0
2026-01-13 11:48:00,23739.01,23739.56,23727.78,23731.61,0
2026-01-13 11:49:00,23731.61,23733.06,23724.29,23727.86,0
2026-01-13 11:50:00,23727.86,23742.2,23722.71,23737.5,0
2026-01-13 11:51:00,23737.5,23741.79,23736.46,23739.72,0
2026-01-13 11:52:00,23739.72,23740.92,23736.05,23739.59,0
2026-01-13 11:53:00,23739.59,23740.34,23722.75,23726.52,0
2026-01-13 11:54:00,23726.52,23731.05,23719.85,23722.53,0
2026-01-13 11:55:00,23722.53,23722.61,23717.11,23722.39,0
2026-01-13 11:56:00,23722.39,23723.41,23720.04,23721.09,0
2026-01-13 11:57:00,23721.09,23726.94,23720.68,23722.61,0
2026-01-13 11:58:00,23722.61,23723.83,23722.6,23723.49,0
2026-01-13 11:59:00,23723.49,23726.43,23723.11,23723.16,0
2026-01-13 12:00:00,23723.16,23723.71,23720.93,23723.57,0
2026-01-13 12:01:00,23723.57,23726.34,23719.09,23720.78,0
2026-01-13 12:02:00,23720.78,23730.55,23720.09,23724.87,0
2026-01-13 12:03:00,23724.87,23728.36,23722.17,23724.36,0
2026-01-13 12:04:00,23724.36,23727.13,23722.42,23724.44,0
2026-01-13 12:05:00,23724.44,23732.85,23723.25,23727.51,0
2026-01-13 12:06:00,23727.51,23731.36,23725.56,23725.58,0
2026-01-13 12:07:00,23725.58,23731.25,23722.28,23729.48,0
2026-01-13 12:08:00,23729.48,23732.37,23720.39,23723.41,0
2026-01-13 12:09:00,23723.41,23724.19,23716.08,23721.77,0
2026-01-13 12:10:00,23721.77,23727.23,23716.89,23722.93,0
2026-01-13 12:11:00,23722.93,23734.42,23721.63,23732.06,0
2026-01-13 12:12:00,23732.06,23738.77,23726.4,23736.94,0
2026-01-13 12:13:00,23736.94,23746.85,23731.77,23741.71,0
2026-01-13 12:14:00,23741.71,23751.49,23737.8,23751.25,0
2026-01-13 12:15:00,23751.25,23753.19,23748.2,23749.22,0
2026-01-13 12:16:00,23749.22,23751.64,23747.38,23751.08,0
2026-01-13 12:17:00,23751.08,23756.09,23748.37,23754.26,0
2026-01-13 12:18:00,23754.26,23760.07,23746.76,23747.67,0
2026-01-13 12:19:00,23747.67,23749.79,23745.89,23747.73,0
2026-01-13 12:20:00,23747.73,23747.82,23745.25,23746.94,0
2026-01-13 12:21:00,23746.94,23753.17,23743.63,23751.88,0
2026-01-13 12:22:00,23751.88,23753.67,23745.03,23746.14,0
2026-01-13 12:23:00,23746.14,23748.14,23738.64,23739.96,0
2026-01-13 12:24:00,23739.96,23744.12,23738.32,23740.4,0
2026-01-13 12:25:00,23740.4,23751.94,23740.16,23749.44,0
2026-01-13 12:26:00,23749.44,23760.12,23748.93,23757.43,0
2026-01-13 12:27:00,23757.43,23764.11,23754.12,23763.11,0
2026-01-13 12:28:00,23763.11,23771.33,23755.59,23766.58,0
2026-01-13 12:29:00,23766.58,23771.2,23765.7,23767.5,0
2026-01-13 12:30:00,23767.5,23775.21,23757.11,23759.13,0
2026-01-13 12:31:00,23759.13,23761.48,23756.19,23759.39,0
2026-01-13 12:32:00,23759.39,23760.01,23751.5,23756.7,0
2026-01-13 12:33:00,23756.7,23763.04,23753.54,23758.4,0
2026-01-13 12:34:00,23758.4,23760.12,23753.76,23758.82,0
2026-01-13 12:35:00,23758.82,23781.64,23758.1,23780.93,0
2026-01-13 12:36:00,23780.93,23782.63,23773.39,23776.46,0
2026-01-13 12:37:00,23776.46,23783.73,23776.03,23782.54,0
2026-01-13 12:38:00,23782.54,23787.25,23781.85,23783.61,0
2026-01-13 12:39:00,23783.61,23784.93,23781.46,23782.6,0
2026-01-13 12:40:00,23782.6,23784.36,23779.73,23782.83,0
2026-01-13 12:41:00,23782.83,23785.71,23775.82,23778.74,0
2026-01-13 12:42:00,23778.74,23779.13,23777.19,23777.62,0
2026-01-13 12:43:00,23777.62,23780.52,23762.27,23762.82,0
2026-01-13 12:44:00,23762.82,23770.38,23758.34,23768.3,0
2026-01-13 12:45:00,23768.3,23768.52,23756.01,23757.61,0
2026-01-13 12:46:00,23757.61,23758.5,23754.84,23757.71,0
2026-01-13 12:47:00,23757.71,23759.46,23749.79,23752.94,0
2026-01-13 12:48:00,23752.94,23759.8,23748.03,23751.56,0
2026-01-13 12:49:00,23751.56,23754.69,23745.21,23746.49,0
2026-01-13 12:50:00,23746.49,23753.84,23740.03,23741.72,0
2026-01-13 12:51:00,23741.72,23742.57,23729.45,23733.98,0
2026-01-13 12:52:00,23733.98,23741.03,23730.91,23738.01,0
2026-01-13 12:53:00,23738.01,23744.57,23733.56,23735.19,0
2026-01-13 12:54:00,23735.19,23740.4,23733.88,23738.73,0
2026-01-13 12:55:00,23738.73,23742.17,23736.35,23737.82,0
2026-01-13 12:56:00,23737.82,23739.14,23732.28,23737.46,0
2026-01-13 12:57:00,23737.46,23744.4,23736.49,23742.99,0
2026-01-13 12:58:00,23742.99,23743.39,23732.28,23733.72,0
2026-01-13 12:59:00,23733.72,23739.86,23732.39,23738.06,0
2026-01-13 13:00:00,23738.06,23740.71,23729.67,23731.83,0
2026-01-13 13:01:00,23731.83,23733.54,23730.7,23731.66,0
2026-01-13 13:02:00,23731.66,23734.85,23726.42,23731.7,0
2026-01-13 13:03:00,23731.7,23734.38,23719.0,23721.0,0
2026-01-13 13:04:00,23721.0,23727.98,23720.72,23726.57,0
2026-01-13 13:05:00,23726.57,23733.32,23724.84,23725.43,0
2026-01-13 13:06:00,23725.43,23730.03,23714.59,23718.37,0
2026-01-13 13:07:00,23718.37,23727.25,23712.59,23726.1,0
2026-01-13 13:08:00,23726.1,23731.02,23724.19,23729.88,0
2026-01-13 13:09:00,23729.88,23737.29,23726.99,23734.57,0
2026-01-13 13:10:00,23734.57,23736.19,23730.95,23731.26,0
2026-01-13 13:11:00,23731.26,23734.91,23727.72,23729.78,0
2026-01-13 13:12:00,23729.78,23746.66,23727.24,23740.37,0
2026-01-13 13:13:00,23740.37,23742.74,23737.86,23742.63,0
2026-01-13 13:14:00,23742.63,23747.06,23737.68,23746.85,0
2026-01-13 13:15:00,23746.85,23750.49,23739.01,23749.57,0
2026-01-13 13:16:00,23749.57,23752.08,23746.84,23748.96,0
2026-01-13 13:17:00,23748.96,23756.22,23743.72,23754.2,0
2026-01-13 13:18:00,23754.2,23755.15,23750.8,23753.04,0
2026-01-13 13:19:00,23753.04,23754.0,23752.01,23753.95,0
2026-01-13 13:20:00,23753.95,23753.97,23749.08,23752.23,0
2026-01-13 13:21:00,23752.23,23757.0,23750.68,23756.04,0
2026-01-13 13:22:00,23756.04,23757.26,23752.66,23753.04,0
2026-01-13 13:23:00,23753.04,23759.69,23750.27,23758.32,0
2026-01-13 13:24:00,23758.32,23758.49,23756.56,23757.34,0
2026-01-13 13:25:00,23757.34,23757.71,23746.68,23749.9,0
2026-01-13 13:26:00,23749.9,23756.99,23749.02,23754.47,0
2026-01-13 13:27:00,23754.47,23762.95,23753.43,23758.92,0
2026-01-13 13:28:00,23758.92,23763.09,23758.16,23760.87,0
2026-01-13 13:29:00,23760.87,23766.84,23744.67,23750.56,0
2026-01-13 13:30:00,23750.56,23754.33,23744.47,23748.22,0
2026-01-13 13:31:00,23748.22,23752.12,23744.16,23748.74,0
2026-01-13 13:32:00,23748.74,23750.28,23747.1,23748.52,0
2026-01-13 13:33:00,23748.52,23757.16,23744.3,23754.17,0
2026-01-13 13:34:00,23754.17,23754.59,23745.81,23745.83,0
2026-01-13 13:35:00,23745.83,23750.84,23745.3,23750.44,0
2026-01-13 13:36:00,23750.44,23766.51,23747.02,23762.44,0
2026-01-13 13:37:00,23762.44,23770.92,23762.19,23768.59,0
2026-01-13 13:38:00,23768.59,23771.83,23765.61,23768.18,0
2026-01-13 13:39:00,23768.18,23772.72,23766.57,23769.13,0
2026-01-13 13:40:00,23769.13,23772.62,23768.13,23771.92,0
2026-01-13 13:41:00,23771.92,23776.91,23770.84,23775.49,0
2026-01-13 13:42:00,23775.49,23780.3,23762.21,23768.27,0
2026-01-13 13:43:00,23768.27,23769.35,23758.99,23764.4,0
2026-01-13 13:44:00,23764.4,23766.57,23757.32,23759.68,0
2026-01-13 13:45:00,23759.68,23763.82,23742.8,23744.02,0
2026-01-13 13:46:00,23744.02,23746.32,23739.81,23741.12,0
2026-01-13 13:47:00,23741.12,23741.91,23728.23,23731.77,0
2026-01-13 13:48:00,23731.77,23734.26,23728.04,23732.67,0
2026-01-13 13:49:00,23732.67,23738.61,23730.98,23735.57,0
2026-01-13 13:50:00,23735.57,23735.7,23728.38,23731.96,0
2026-01-13 13:51:00,23731.96,23732.4,23727.45,23727.79,0
2026-01-13 13:52:00,23727.79,23729.2,23718.95,23720.76,0
2026-01-13 13:53:00,23720.76,23733.0,23718.66,23727.47,0
2026-01-13 13:54:00,23727.47,23731.29,23723.92,23725.75,0
2026-01-13 13:55:00,23725.75,23738.34,23724.58,23737.43,0
2026-01-13 13:56:00,23737.43,23741.67,23730.88,23732.52,0
2026-01-13 13:57:00,23732.52,23737.99,23731.48,23735.58,0
2026-01-13 13:58:00,23735.58,23736.78,23726.04,23726.75,0
2026-01-13 13:59:00,23726.75,23729.96,23722.55,23727.7,0
2026-01-13 14:00:00,23727.7,23735.5,23724.69,23729.39,0
2026-01-13 14:01:00,23729.39,23731.64,23713.18,23716.73,0
2026-01-13 14:02:00,23716.73,23718.79,23713.44,23718.14,0
2026-01-13 14:03:00,23718.14,23725.88,23715.34,23724.54,0
2026-01-13 14:04:00,23724.54,23725.97,23720.57,23724.61,0
2026-01-13 14:05:00,23724.61,23724.81,23713.25,23717.81,0
2026-01-13 14:06:00,23717.81,23718.45,23712.92,23713.31,0
2026-01-13 14:07:00,23713.31,23717.16,23708.81,23710.85,0
2026-01-13 14:08:00,23710.85,23714.05,23704.33,23705.07,0
2026-01-13 14:09:00,23705.07,23712.73,23703.58,23709.23,0
2026-01-13 14:10:00,23709.23,23713.19,23707.11,23710.08,0
2026-01-13 14:11:00,23710.08,23718.92,23704.73,23714.89,0
2026-01-13 14:12:00,23714.89,23718.21,23705.11,23709.42,0
2026-01-13 14:13:00,23709.42,23716.87,23708.4,23715.12,0
2026-01-13 14:14:00,23715.12,23718.84,23705.31,23710.03,0
2026-01-13 14:15:00,23710.03,23710.38,23706.3,23709.82,0
2026-01-13 14:16:00,23709.82,23716.79,23708.64,23712.8,0
2026-01-13 14:17:00,23712.8,23715.81,23711.12,23714.82,0
2026-01-13 14:18:00,23714.82,23715.66,23711.59,23713.07,0
2026-01-13 14:19:00,23713.07,23713.28,23708.88,23711.27,0
2026-01-13 14:20:00,23711.27,23715.51,23701.18,23704.07,0
2026-01-13 14:21:00,23704.07,23717.59,23697.29,23714.83,0
2026-01-13 14:22:00,23714.83,23716.06,23711.02,23711.08,0
2026-01-13 14:23:00,23711.08,23712.85,23706.31,23710.02,0
2026-01-13 14:24:00,23710.02,23712.88,23707.26,23709.28,0
2026-01-13 14:25:00,23709.28,23713.2,23704.36,23705.19,0
2026-01-13 14:26:00,23705.19,23705.69,23695.65,23698.74,0
2026-01-13 14:27:00,23698.74,23700.85,23695.9,23697.79,0
2026-01-13 14:28:00,23697.79,23704.18,23696.86,23703.57,0
2026-01-13 14:29:00,23703.57,23711.5,23700.86,23701.41,0
2026-01-13 14:30:00,23701.41,23712.1,23700.22,23711.67,0
2026-01-13 14:31:00,23711.67,23712.19,23699.45,23699.61,0
2026-01-13 14:32:00,23699.61,23700.81,23693.75,23697.75,0
2026-01-13 14:33:00,23697.75,23698.24,23687.04,23688.93,0
2026-01-13 14:34:00,23688.93,23689.46,23686.93,23688.41,0
2026-01-13 14:35:00,23688.41,23693.86,23680.84,23684.11,0
2026-01-13 14:36:00,23684.11,23684.98,23677.74,23681.12,0
2026-01-13 14:37:00,23681.12,23683.66,23672.68,23675.45,0
2026-01-13 14:38:00,23675.45,23685.84,23673.02,23676.23,0
2026-01-13 14:39:00,23676.23,23685.93,23673.01,23683.54,0
2026-01-13 14:40:00,23683.54,23694.55,23678.24,23693.43,0
2026-01-13 14:41:00,23693.43,23696.76,23688.54,23688.67,0
2026-01-13 14:42:00,23688.67,23690.56,23680.71,23683.94,0
2026-01-13 14:43:00,23683.94,23690.19,23683.86,23684.45,0
2026-01-13 14:44:00,23684.45,23691.4,23683.53,23690.62,0
2026-01-13 14:45:00,23690.62,23700.31,23686.86,23697.1,0
2026-01-13 14:46:00,23697.1,23698.41,23696.32,23697.58,0
2026-01-13 14:47:00,23697.58,23701.14,23688.41,23691.85,0
2026-01-13 14:48:00,23691.85,23691.97,23688.2,23690.33,0
2026-01-13 14:49:00,23690.33,23692.73,23681.72,23687.7,0
2026-01-13 14:50:00,23687.7,23690.07,23682.3,23682.75,0
2026-01-13 14:51:00,23682.75,23682.88,23679.19,23679.94,0
2026-01-13 14:52:00,23679.94,23689.29,23679.87,23681.77,0
2026-01-13 14:53:00,23681.77,23685.06,23680.63,23682.21,0
2026-01-13 14:54:00,23682.21,23701.4,23680.33,23695.92,0
2026-01-13 14:55:00,23695.92,23698.21,23691.8,23697.32,0
2026-01-13 14:56:00,23697.32,23699.74,23692.67,23694.7,0
2026-01-13 14:57:00,23694.7,23697.01,23684.7,23689.0,0
2026-01-13 14:58:00,23689.0,23689.18,23679.24,23679.59,0
2026-01-13 14:59:00,23679.59,23685.41,23678.93,23681.15,0
2026-01-13 15:00:00,23681.15,23686.85,23676.25,23679.2,0
2026-01-13 15:01:00,23679.2,23681.76,23672.79,23674.74,0
2026-01-13 15:02:00,23674.74,23675.45,23673.28,23674.08,0
2026-01-13 15:03:00,23674.08,23675.93,23662.19,23664.97,0
2026-01-13 15:04:00,23664.97,23678.94,23663.87,23673.44,0
2026-01-13 15:05:00,23673.44,23684.15,23672.65,23677.11,0
2026-01-13 15:06:00,23677.11,23679.56,23664.87,23669.72,0
2026-01-13 15:07:00,23669.72,23672.95,23662.39,23663.57,0
2026-01-13 15:08:00,23663.57,23671.19,23658.29,23668.48,0
2026-01-13 15:09:00,23668.48,23671.9,23667.44,23669.46,0
2026-01-13 15:10:00,23669.46,23671.94,23668.37,23669.38,0
2026-01-13 15:11:00,23669.38,23685.8,23667.5,23682.37,0
2026-01-13 15:12:00,23682.37,23689.25,23679.45,23686.99,0
2026-01-13 15:13:00,23686.99,23689.35,23675.28,23682.58,0
2026-01-13 15:14:00,23682.58,23686.93,23678.97,23686.31,0
2026-01-13 15:15:00,23686.31,23686.53,23680.87,23683.03,0
2026-01-13 15:16:00,23683.03,23689.66,23679.99,23688.7,0
2026-01-13 15:17:00,23688.7,23704.32,23684.65,23701.77,0
2026-01-13 15:18:00,23701.77,23715.42,23700.56,23711.25,0
2026-01-13 15:19:00,23711.25,23715.93,23706.82,23714.08,0
2026-01-13 15:20:00,23714.08,23721.72,23712.85,23718.85,0
2026-01-13 15:21:00,23718.85,23720.94,23711.47,23712.9,0
2026-01-13 15:22:00,23712.9,23728.05,23711.41,23727.46,0
2026-01-13 15:23:00,23727.46,23728.3,23721.99,23722.14,0
2026-01-13 15:24:00,23722.14,23723.41,23717.91,23720.46,0
2026-01-13 15:25:00,23720.46,23726.13,23718.07,23725.01,0
2026-01-13 15:26:00,23725.01,23729.54,23724.5,23727.16,0
2026-01-13 15:27:00,23727.16,23729.86,23723.52,23724.17,0
2026-01-13 15:28:00,23724.17,23727.85,23718.33,23719.36,0
2026-01-13 15:29:00,23719.36,23723.63,23716.5,23717.64,0
2026-01-14 09:15:00,23717.64,23720.03,23716.55,23718.74,0
2026-01-14 09:16:00,23718.74,23722.03,23717.3,23720.28,0
2026-01-14 09:17:00,23720.28,23722.12,23714.42,23715.62,0
2026-01-14 09:18:00,23715.62,23717.63,23712.82,23715.72,0
2026-01-14 09:19:00,23715.72,23724.89,23714.64,23722.88,0
2026-01-14 09:20:00,23722.88,23730.39,23719.18,23726.21,0
2026-01-14 09:21:00,23726.21,23731.56,23723.52,23729.77,0
2026-01-14 09:22:00,23729.77,23736.12,23727.03,23734.56,0
2026-01-14 09:23:00,23734.56,23735.39,23731.64,23732.63,0
2026-01-14 09:24:00,23732.63,23740.36,23730.61,23734.43,0
2026-01-14 09:25:00,23734.43,23740.85,23734.25,23738.57,0
2026-01-14 09:26:00,23738.57,23740.88,23737.19,23739.36,0
2026-01-14 09:27:00,23739.36,23746.76,23730.66,23732.75,0
2026-01-14 09:28:00,23732.75,23748.03,23732.4,23742.9,0
2026-01-14 09:29:00,23742.9,23748.52,23735.81,23741.77,0
2026-01-14 09:30:00,23741.77,23750.55,23739.42,23747.59,0
2026-01-14 09:31:00,23747.59,23749.09,23742.44,23743.2,0
2026-01-14 09:32:00,23743.2,23743.92,23734.24,23738.61,0
2026-01-14 09:33:00,23738.61,23752.49,23735.84,23747.02,0
2026-01-14 09:34:00,23747.02,23750.8,23743.92,23744.87,0
2026-01-14 09:35:00,23744.87,23757.12,23740.68,23756.02,0
2026-01-14 09:36:00,23756.02,23756.92,23747.97,23751.01,0
2026-01-14 09:37:00,23751.01,23759.83,23750.21,23754.35,0
2026-01-14 09:38:00,23754.35,23757.3,23752.5,23755.46,0
2026-01-14 09:39:00,23755.46,23766.09,23751.24,23765.62,0
2026-01-14 09:40:00,23765.62,23768.3,23764.71,23768.05,0
2026-01-14 09:41:00,23768.05,23770.63,23759.05,23761.26,0
2026-01-14 09:42:00,23761.26,23767.92,23758.33,23766.82,0
2026-01-14 09:43:00,23766.82,23767.72,23764.6,23764.63,0
2026-01-14 09:44:00,23764.63,23773.13,23763.22,23770.48,0
2026-01-14 09:45:00,23770.48,23777.2,23764.03,23774.5,0
2026-01-14 09:46:00,23774.5,23780.13,23771.47,23777.67,0
2026-01-14 09:47:00,23777.67,23777.91,23772.33,23773.08,0
2026-01-14 09:48:00,23773.08,23774.86,23772.24,23772.75,0
2026-01-14 09:49:00,23772.75,23774.53,23772.06,23772.31,0
2026-01-14 09:50:00,23772.31,23775.7,23763.2,23767.6,0
2026-01-14 09:51:00,23767.6,23768.08,23767.04,23767.11,0
2026-01-14 09:52:00,23767.11,23774.72,23766.56,23773.82,0
2026-01-14 09:53:00,23773.82,23775.56,23769.52,23772.45,0
2026-01-14 09:54:00,23772.45,23776.71,23768.93,23773.72,0
2026-01-14 09:55:00,23773.72,23778.22,23769.14,23777.32,0
2026-01-14 09:56:00,23777.32,23785.62,23773.82,23781.55,0
2026-01-14 09:57:00,23781.55,23783.94,23774.41,23775.18,0
2026-01-14 09:58:00,23775.18,23777.94,23768.31,23772.71,0
2026-01-14 09:59:00,23772.71,23773.06,23761.74,23765.79,0
2026-01-14 10:00:00,23765.79,23772.32,23757.64,23764.84,0
2026-01-14 10:01:00,23764.84,23767.77,23757.24,23761.98,0
2026-01-14 10:02:00,23761.98,23767.16,23755.96,23757.02,0
2026-01-14 10:03:00,23757.02,23761.25,23747.49,23750.76,0
2026-01-14 10:04:00,23750.76,23753.85,23746.01,23746.55,0
2026-01-14 10:05:00,23746.55,23749.89,23745.18,23745.46,0
2026-01-14 10:06:00,23745.46,23758.21,23740.18,23754.9,0
2026-01-14 10:07:00,23754.9,23761.68,23753.31,23761.43,0
2026-01-14 10:08:00,23761.43,23766.15,23758.01,23761.64,0
2026-01-14 10:09:00,23761.64,23772.86,23759.25,23765.95,0
2026-01-14 10:10:00,23765.95,23766.13,23755.48,23758.49,0
2026-01-14 10:11:00,23758.49,23760.49,23757.13,23759.95,0
2026-01-14 10:12:00,23759.95,23766.39,23754.8,23755.06,0
2026-01-14 10:13:00,23755.06,23755.88,23746.49,23747.57,0
2026-01-14 10:14:00,23747.57,23755.86,23743.18,23753.82,0
2026-01-14 10:15:00,23753.82,23755.84,23741.03,23745.58,0
2026-01-14 10:16:00,23745.58,23751.21,23744.37,23748.0,0
2026-01-14 10:17:00,23748.0,23749.84,23741.9,23745.0,0
2026-01-14 10:18:00,23745.0,23748.24,23742.1,23744.04,0
2026-01-14 10:19:00,23744.04,23757.89,23742.08,23755.45,0
2026-01-14 10:20:00,23755.45,23759.99,23754.68,23756.59,0
2026-01-14 10:21:00,23756.59,23758.42,23748.14,23751.12,0
2026-01-14 10:22:00,23751.12,23767.01,23750.23,23766.44,0
2026-01-14 10:23:00,23766.44,23775.74,23765.92,23773.76,0
2026-01-14 10:24:00,23773.76,23778.31,23770.41,23777.51,0
2026-01-14 10:25:00,23777.51,23787.99,23777.41,23787.11,0
2026-01-14 10:26:00,23787.11,23790.67,23784.97,23786.14,0
2026-01-14 10:27:00,23786.14,23793.39,23784.3,23790.7,0
2026-01-14 10:28:00,23790.7,23795.58,23787.94,23791.56,0
2026-01-14 10:29:00,23791.56,23797.06,23790.52,23796.29,0
2026-01-14 10:30:00,23796.29,23797.06,23791.22,23791.36,0
2026-01-14 10:31:00,23791.36,23794.82,23780.86,23783.07,0
2026-01-14 10:32:00,23783.07,23786.39,23781.5,23784.64,0
2026-01-14 10:33:00,23784.64,23787.51,23772.96,23774.15,0
2026-01-14 10:34:00,23774.15,23777.45,23770.1,23772.77,0
2026-01-14 10:35:00,23772.77,23772.96,23762.15,23767.25,0
2026-01-14 10:36:00,23767.25,23771.36,23763.4,23765.81,0
2026-01-14 10:37:00,23765.81,23774.99,23764.96,23770.62,0
2026-01-14 10:38:00,23770.62,23781.23,23769.24,23776.24,0
2026-01-14 10:39:00,23776.24,23785.73,23769.17,23780.65,0
2026-01-14 10:40:00,23780.65,23786.14,23763.47,23770.75,0
2026-01-14 10:41:00,23770.75,23774.47,23769.98,23774.23,0
2026-01-14 10:42:00,23774.23,23776.27,23774.23,23774.5,0
2026-01-14 10:43:00,23774.5,23776.51,23771.8,23773.79,0
2026-01-14 10:44:00,23773.79,23781.34,23771.0,23779.63,0
2026-01-14 10:45:00,23779.63,23795.49,23779.28,23787.72,0
2026-01-14 10:46:00,23787.72,23791.29,23782.19,23789.76,0
2026-01-14 10:47:00,23789.76,23793.13,23781.98,23783.44,0
2026-01-14 10:48:00,23783.44,23788.3,23783.07,23785.98,0
2026-01-14 10:49:00,23785.98,23791.88,23784.24,23789.88,0
2026-01-14 10:50:00,23789.88,23794.63,23789.28,23790.74,0
2026-01-14 10:51:00,23790.74,23792.79,23785.55,23788.47,0
2026-01-14 10:52:00,23788.47,23790.11,23784.47,23785.49,0
2026-01-14 10:53:00,23785.49,23786.19,23775.8,23779.71,0
2026-01-14 10:54:00,23779.71,23784.9,23779.7,23782.94,0
2026-01-14 10:55:00,23782.94,23785.49,23779.09,23781.86,0
2026-01-14 10:56:00,23781.86,23784.48,23777.31,23780.69,0
2026-01-14 10:57:00,23780.69,23781.68,23779.52,23781.67,0
2026-01-14 10:58:00,23781.67,23781.82,23775.06,23777.03,0
2026-01-14 10:59:00,23777.03,23777.62,23772.46,23774.56,0
2026-01-14 11:00:00,23774.56,23780.81,23770.99,23779.06,0
2026-01-14 11:01:00,23779.06,23779.51,23768.58,23772.37,0
2026-01-14 11:02:00,23772.37,23786.67,23771.37,23786.29,0
2026-01-14 11:03:00,23786.29,23789.78,23783.73,23784.14,0
2026-01-14 11:04:00,23784.14,23786.32,23778.24,23781.77,0
2026-01-14 11:05:00,23781.77,23786.75,23774.83,23777.28,0
2026-01-14 11:06:00,23777.28,23782.8,23775.85,23781.1,0
2026-01-14 11:07:00,23781.1,23781.95,23768.77,23769.55,0
2026-01-14 11:08:00,23769.55,23773.84,23768.08,23771.9,0
2026-01-14 11:09:00,23771.9,23778.22,23761.86,23763.24,0
2026-01-14 11:10:00,23763.24,23778.7,23759.46,23769.59,0
2026-01-14 11:11:00,23769.59,23770.01,23763.13,23767.58,0
2026-01-14 11:12:00,23767.58,23769.65,23759.78,23761.87,0
2026-01-14 11:13:00,23761.87,23762.27,23755.89,23761.66,0
2026-01-14 11:14:00,23761.66,23770.75,23760.31,23766.93,0
2026-01-14 11:15:00,23766.93,23770.91,23758.32,23760.29,0
2026-01-14 11:16:00,23760.29,23766.93,23758.29,23766.78,0
2026-01-14 11:17:00,23766.78,23767.96,23765.76,23766.01,0
2026-01-14 11:18:00,23766.01,23771.6,23760.4,23765.66,0
2026-01-14 11:19:00,23765.66,23769.65,23759.89,23767.85,0
2026-01-14 11:20:00,23767.85,23774.79,23764.96,23767.23,0
2026-01-14 11:21:00,23767.23,23775.55,23766.09,23771.97,0
2026-01-14 11:22:00,23771.97,23773.28,23768.4,23770.75,0
2026-01-14 11:23:00,23770.75,23775.29,23767.3,23770.89,0
2026-01-14 11:24:00,23770.89,23778.46,23770.04,23770.92,0
2026-01-14 11:25:00,23770.92,23771.56,23764.85,23767.39,0
2026-01-14 11:26:00,23767.39,23767.59,23762.42,23765.04,0
2026-01-14 11:27:00,23765.04,23769.05,23753.64,23755.88,0
2026-01-14 11:28:00,23755.88,23757.21,23751.96,23754.2,0
2026-01-14 11:29:00,23754.2,23764.46,23753.58,23762.97,0
2026-01-14 11:30:00,23762.97,23766.77,23762.07,23763.37,0
2026-01-14 11:31:00,23763.37,23765.06,23762.87,23763.53,0
2026-01-14 11:32:00,23763.53,23766.96,23763.51,23765.94,0
2026-01-14 11:33:00,23765.94,23767.44,23751.83,23755.27,0
2026-01-14 11:34:00,23755.27,23763.78,23749.05,23763.57,0
2026-01-14 11:35:00,23763.57,23774.69,23756.11,23774.24,0
2026-01-14 11:36:00,23774.24,23777.16,23770.18,23771.93,0
2026-01-14 11:37:00,23771.93,23783.3,23768.84,23779.91,0
2026-01-14 11:38:00,23779.91,23795.8,23779.31,23787.48,0
2026-01-14 11:39:00,23787.48,23788.32,23779.3,23780.46,0
2026-01-14 11:40:00,23780.46,23783.5,23771.12,23771.86,0
2026-01-14 11:41:00,23771.86,23775.03,23761.71,23763.02,0
2026-01-14 11:42:00,23763.02,23767.09,23759.41,23762.05,0
2026-01-14 11:43:00,23762.05,23769.93,23761.11,23766.05,0
2026-01-14 11:44:00,23766.05,23771.37,23765.75,23769.82,0
2026-01-14 11:45:00,23769.82,23778.04,23766.02,23773.6,0
2026-01-14 11:46:00,23773.6,23777.08,23769.45,23776.32,0
2026-01-14 11:47:00,23776.32,23791.78,23770.06,23786.32,0
2026-01-14 11:48:00,23786.32,23791.54,23784.25,23791.42,0
2026-01-14 11:49:00,23791.42,23793.79,23791.41,23793.27,0
2026-01-14 11:50:00,23793.27,23796.66,23792.39,23793.11,0
2026-01-14 11:51:00,23793.11,23795.03,23788.07,23789.95,0
2026-01-14 11:52:00,23789.95,23793.36,23785.66,23792.53,0
2026-01-14 11:53:00,23792.53,23799.67,23791.92,23799.03,0
2026-01-14 11:54:00,23799.03,23808.34,23797.55,23802.9,0
2026-01-14 11:55:00,23802.9,23803.43,23797.67,23798.79,0
2026-01-14 11:56:00,23798.79,23815.23,23797.59,23813.08,0
2026-01-14 11:57:00,23813.08,23826.22,23812.15,23826.19,0
2026-01-14 11:58:00,23826.19,23835.78,23823.49,23833.36,0
2026-01-14 11:59:00,23833.36,23841.44,23831.44,23840.42,0
2026-01-14 12:00:00,23840.42,23840.72,23833.4,23836.32,0
2026-01-14 12:01:00,23836.32,23837.84,23826.3,23830.2,0
2026-01-14 12:02:00,23830.2,23844.13,23829.54,23841.8,0
2026-01-14 12:03:00,23841.8,23844.74,23832.82,23834.7,0
2026-01-14 12:04:00,23834.7,23838.66,23834.08,23834.96,0
2026-01-14 12:05:00,23834.96,23842.15,23834.67,23842.08,0
2026-01-14 12:06:00,23842.08,23842.87,23829.66,23830.05,0
2026-01-14 12:07:00,23830.05,23834.02,23825.81,23826.02,0
2026-01-14 12:08:00,23826.02,23827.61,23815.6,23820.17,0
2026-01-14 12:09:00,23820.17,23822.82,23817.17,23819.63,0
2026-01-14 12:10:00,23819.63,23825.98,23817.93,23821.55,0
2026-01-14 12:11:00,23821.55,23825.82,23818.97,23824.73,0
2026-01-14 12:12:00,23824.73,23824.87,23814.84,23819.72,0
2026-01-14 12:13:00,23819.72,23822.93,23816.22,23819.59,0
2026-01-14 12:14:00,23819.59,23823.55,23814.38,23822.74,0
2026-01-14 12:15:00,23822.74,23827.09,23807.41,23811.75,0
2026-01-14 12:16:00,23811.75,23815.98,23808.4,23813.49,0
2026-01-14 12:17:00,23813.49,23824.46,23812.08,23822.06,0
2026-01-14 12:18:00,23822.06,23823.15,23807.36,23812.62,0
2026-01-14 12:19:00,23812.62,23812.81,23802.51,23804.37,0
2026-01-14 12:20:00,23804.37,23804.63,23803.05,23803.89,0
2026-01-14 12:21:00,23803.89,23810.61,23800.83,23809.1,0
2026-01-14 12:22:00,23809.1,23818.22,23807.18,23815.0,0
2026-01-14 12:23:00,23815.0,23818.45,23812.54,23817.4,0
2026-01-14 12:24:00,23817.4,23829.58,23817.24,23828.73,0
2026-01-14 12:25:00,23828.73,23829.36,23814.16,23816.42,0
2026-01-14 12:26:00,23816.42,23818.01,23811.03,23815.3,0
2026-01-14 12:27:00,23815.3,23816.23,23813.19,23813.48,0
2026-01-14 12:28:00,23813.48,23816.56,23810.51,23812.17,0
2026-01-14 12:29:00,23812.17,23813.18,23811.11,23811.77,0
2026-01-14 12:30:00,23811.77,23822.45,23809.86,23821.55,0
2026-01-14 12:31:00,23821.55,23822.51,23810.32,23812.33,0
2026-01-14 12:32:00,23812.33,23820.63,23810.64,23819.7,0
2026-01-14 12:33:00,23819.7,23824.69,23813.71,23821.59,0
2026-01-14 12:34:00,23821.59,23825.19,23819.85,23822.8,0
2026-01-14 12:35:00,23822.8,23824.67,23819.89,23822.16,0
2026-01-14 12:36:00,23822.16,23824.38,23821.25,23823.09,0
2026-01-14 12:37:00,23823.09,23823.91,23813.2,23815.8,0
2026-01-14 12:38:00,23815.8,23818.8,23815.2,23818.44,0
2026-01-14 12:39:00,23818.44,23818.61,23809.42,23811.41,0
2026-01-14 12:40:00,23811.41,23813.44,23807.88,23810.65,0
2026-01-14 12:41:00,23810.65,23813.36,23799.12,23803.11,0
2026-01-14 12:42:00,23803.11,23810.45,23802.88,23809.64,0
2026-01-14 12:43:00,23809.64,23820.72,23805.17,23819.83,0
2026-01-14 12:44:00,23819.83,23821.25,23816.89,23820.41,0
2026-01-14 12:45:00,23820.41,23826.13,23812.95,23813.29,0
2026-01-14 12:46:00,23813.29,23819.54,23808.97,23817.83,0
2026-01-14 12:47:00,23817.83,23821.71,23814.83,23816.79,0
2026-01-14 12:48:00,23816.79,23817.29,23805.8,23806.57,0
2026-01-14 12:49:00,23806.57,23809.63,23805.66,23806.67,0
2026-01-14 12:50:00,23806.67,23809.25,23803.14,23803.6,0
2026-01-14 12:51:00,23803.6,23808.82,23797.36,23808.71,0
2026-01-14 12:52:00,23808.71,23810.28,23795.0,23797.54,0
2026-01-14 12:53:00,23797.54,23802.85,23792.32,23802.67,0
2026-01-14 12:54:00,23802.67,23803.85,23795.92,23799.9,0
2026-01-14 12:55:00,23799.9,23801.49,23795.63,23797.9,0
2026-01-14 12:56:00,23797.9,23806.35,23792.69,23803.81,0
2026-01-14 12:57:00,23803.81,23813.53,23799.5,23810.92,0
2026-01-14 12:58:00,23810.92,23813.04,23795.15,23801.83,0
2026-01-14 12:59:00,23801.83,23820.33,23799.87,23816.79,0
2026-01-14 13:00:00,23816.79,23818.98,23815.45,23817.76,0
2026-01-14 13:01:00,23817.76,23818.91,23806.49,23808.48,0
2026-01-14 13:02:00,23808.48,23808.9,23794.08,23798.26,0
2026-01-14 13:03:00,23798.26,23802.64,23785.33,23788.09,0
2026-01-14 13:04:00,23788.09,23796.81,23786.94,23796.46,0
2026-01-14 13:05:00,23796.46,23800.35,23793.79,23795.96,0
2026-01-14 13:06:00,23795.96,23798.47,23790.63,23797.58,0
2026-01-14 13:07:00,23797.58,23802.28,23792.69,23796.93,0
2026-01-14 13:08:00,23796.93,23803.05,23796.5,23802.02,0
2026-01-14 13:09:00,23802.02,23805.87,23798.96,23805.28,0
2026-01-14 13:10:00,23805.28,23812.07,23794.59,23801.52,0
2026-01-14 13:11:00,23801.52,23805.46,23794.24,23796.19,0
2026-01-14 13:12:00,23796.19,23802.44,23794.6,23802.43,0
2026-01-14 13:13:00,23802.43,23803.42,23801.05,23802.89,0
2026-01-14 13:14:00,23802.89,23806.38,23799.9,23800.64,0
2026-01-14 13:15:00,23800.64,23804.1,23797.52,23800.4,0
2026-01-14 13:16:00,23800.4,23801.14,23795.35,23798.22,0
2026-01-14 13:17:00,23798.22,23799.94,23798.22,23799.0,0
2026-01-14 13:18:00,23799.0,23801.07,23791.76,23800.0,0
2026-01-14 13:19:00,23800.0,23800.25,23793.73,23795.17,0
2026-01-14 13:20:00,23795.17,23795.87,23785.04,23789.7,0
2026-01-14 13:21:00,23789.7,23791.53,23786.96,23788.36,0
2026-01-14 13:22:00,23788.36,23789.78,23778.8,23781.6,0
2026-01-14 13:23:00,23781.6,23789.59,23779.92,23786.94,0
2026-01-14 13:24:00,23786.94,23793.22,23781.92,23792.98,0
2026-01-14 13:25:00,23792.98,23794.84,23788.07,23792.6,0
2026-01-14 13:26:00,23792.6,23795.81,23784.36,23785.65,0
2026-01-14 13:27:00,23785.65,23795.5,23785.45,23793.55,0
2026-01-14 13:28:00,23793.55,23798.58,23793.5,23796.09,0
2026-01-14 13:29:00,23796.09,23797.02,23793.94,23794.86,0
2026-01-14 13:30:00,23794.86,23811.04,23790.54,23808.79,0
2026-01-14 13:31:00,23808.79,23811.84,23800.03,23801.22,0
2026-01-14 13:32:00,23801.22,23802.83,23800.38,23802.2,0
2026-01-14 13:33:00,23802.2,23802.48,23792.01,23793.69,0
2026-01-14 13:34:00,23793.69,23801.84,23790.1,23800.02,0
2026-01-14 13:35:00,23800.02,23801.69,23790.84,23794.34,0
2026-01-14 13:36:00,23794.34,23799.29,23791.1,23798.84,0
2026-01-14 13:37:00,23798.84,23800.35,23782.15,23785.01,0
2026-01-14 13:38:00,23785.01,23786.67,23778.31,23779.14,0
2026-01-14 13:39:00,23779.14,23781.16,23777.32,23780.81,0
2026-01-14 13:40:00,23780.81,23787.08,23778.07,23785.4,0
2026-01-14 13:41:00,23785.4,23790.53,23776.14,23779.96,0
2026-01-14 13:42:00,23779.96,23783.14,23778.23,23778.38,0
2026-01-14 13:43:00,23778.38,23788.24,23773.17,23786.11,0
2026-01-14 13:44:00,23786.11,23795.47,23784.45,23794.34,0
2026-01-14 13:45:00,23794.34,23807.88,23792.1,23799.65,0
2026-01-14 13:46:00,23799.65,23805.4,23792.42,23805.29,0
2026-01-14 13:47:00,23805.29,23809.1,23800.69,23801.32,0
2026-01-14 13:48:00,23801.32,23809.76,23796.26,23804.75,0
2026-01-14 13:49:00,23804.75,23809.38,23802.77,23805.68,0
2026-01-14 13:50:00,23805.68,23809.24,23800.85,23803.12,0
2026-01-14 13:51:00,23803.12,23809.74,23802.39,23807.99,0
2026-01-14 13:52:00,23807.99,23814.18,23805.88,23813.82,0
2026-01-14 13:53:00,23813.82,23822.45,23812.31,23818.63,0
2026-01-14 13:54:00,23818.63,23821.28,23814.17,23819.2,0
2026-01-14 13:55:00,23819.2,23823.94,23808.44,23808.84,0
2026-01-14 13:56:00,23808.84,23810.55,23802.42,23802.81,0
2026-01-14 13:57:00,23802.81,23805.41,23799.88,23803.24,0
2026-01-14 13:58:00,23803.24,23811.49,23790.3,23793.41,0
2026-01-14 13:59:00,23793.41,23805.18,23788.46,23803.2,0
2026-01-14 14:00:00,23803.2,23803.38,23795.32,23796.15,0
2026-01-14 14:01:00,23796.15,23796.22,23793.17,23793.65,0
2026-01-14 14:02:00,23793.65,23793.83,23780.4,23787.07,0
2026-01-14 14:03:00,23787.07,23789.98,23781.3,23783.26,0
2026-01-14 14:04:00,23783.26,23794.26,23781.45,23791.19,0
2026-01-14 14:05:00,23791.19,23791.82,23790.13,23790.75,0
2026-01-14 14:06:00,23790.75,23796.36,23789.11,23793.17,0
2026-01-14 14:07:00,23793.17,23793.72,23787.82,23793.1,0
2026-01-14 14:08:00,23793.1,23799.02,23783.79,23785.99,0
2026-01-14 14:09:00,23785.99,23788.65,23780.57,23786.51,0
2026-01-14 14:10:00,23786.51,23796.39,23780.36,23793.7,0
2026-01-14 14:11:00,23793.7,23794.04,23782.2,23783.1,0
2026-01-14 14:12:00,23783.1,23783.33,23777.3,23778.92,0
2026-01-14 14:13:00,23778.92,23782.39,23775.01,23782.02,0
2026-01-14 14:14:00,23782.02,23787.18,23775.75,23785.38,0
2026-01-14 14:15:00,23785.38,23790.99,23781.99,23790.9,0
2026-01-14 14:16:00,23790.9,23808.99,23790.28,23806.99,0
2026-01-14 14:17:00,23806.99,23812.94,23803.06,23811.42,0
2026-01-14 14:18:00,23811.42,23813.46,23804.87,23805.42,0
2026-01-14 14:19:00,23805.42,23807.18,23794.04,23798.14,0
2026-01-14 14:20:00,23798.14,23800.26,23796.5,23799.96,0
2026-01-14 14:21:00,23799.96,23800.3,23796.77,23800.24,0
2026-01-14 14:22:00,23800.24,23808.76,23796.42,23804.97,0
2026-01-14 14:23:00,23804.97,23811.67,23798.38,23802.97,0
2026-01-14 14:24:00,23802.97,23807.33,23797.58,23804.76,0
2026-01-14 14:25:00,23804.76,23819.21,23802.11,23812.95,0
2026-01-14 14:26:00,23812.95,23822.81,23809.06,23821.02,0
2026-01-14 14:27:00,23821.02,23821.12,23814.39,23818.43,0
2026-01-14 14:28:00,23818.43,23820.04,23818.28,23818.85,0
2026-01-14 14:29:00,23818.85,23821.57,23809.57,23812.28,0
2026-01-14 14:30:00,23812.28,23814.61,23808.87,23811.84,0
2026-01-14 14:31:00,23811.84,23811.9,23800.47,23805.99,0
2026-01-14 14:32:00,23805.99,23807.27,23797.36,23799.93,0
2026-01-14 14:33:00,23799.93,23803.38,23793.8,23802.27,0
2026-01-14 14:34:00,23802.27,23806.78,23799.38,23799.46,0
2026-01-14 14:35:00,23799.46,23802.25,23794.69,23800.2,0
2026-01-14 14:36:00,23800.2,23808.76,23790.3,23790.81,0
2026-01-14 14:37:00,23790.81,23791.18,23779.86,23785.63,0
2026-01-14 14:38:00,23785.63,23799.14,23783.43,23794.04,0
2026-01-14 14:39:00,23794.04,23798.61,23791.48,23795.96,0
2026-01-14 14:40:00,23795.96,23796.39,23787.09,23791.03,0
2026-01-14 14:41:00,23791.03,23795.09,23786.5,23794.15,0
2026-01-14 14:42:00,23794.15,23797.74,23783.15,23784.72,0
2026-01-14 14:43:00,23784.72,23788.85,23784.28,23785.06,0
2026-01-14 14:44:00,23785.06,23785.38,23780.55,23780.8,0
2026-01-14 14:45:00,23780.8,23788.28,23778.98,23780.72,0
2026-01-14 14:46:00,23780.72,23783.18,23778.72,23782.43,0
2026-01-14 14:47:00,23782.43,23788.01,23775.12,23776.5,0
2026-01-14 14:48:00,23776.5,23782.03,23764.71,23767.49,0
2026-01-14 14:49:00,23767.49,23771.64,23751.64,23755.37,0
2026-01-14 14:50:00,23755.37,23761.49,23747.63,23749.65,0
2026-01-14 14:51:00,23749.65,23749.75,23731.56,23734.55,0
2026-01-14 14:52:00,23734.55,23735.33,23720.69,23724.18,0
2026-01-14 14:53:00,23724.18,23731.19,23722.2,23726.84,0
2026-01-14 14:54:00,23726.84,23730.27,23722.11,23722.37,0
2026-01-14 14:55:00,23722.37,23725.07,23710.61,23716.51,0
2026-01-14 14:56:00,23716.51,23719.19,23705.81,23711.51,0
2026-01-14 14:57:00,23711.51,23712.97,23709.06,23712.66,0
2026-01-14 14:58:00,23712.66,23715.39,23701.16,23705.85,0
2026-01-14 14:59:00,23705.85,23724.43,23705.76,23719.57,0
2026-01-14 15:00:00,23719.57,23719.94,23715.43,23718.37,0
2026-01-14 15:01:00,23718.37,23730.59,23713.86,23723.51,0
2026-01-14 15:02:00,23723.51,23725.25,23715.61,23717.83,0
2026-01-14 15:03:00,23717.83,23720.91,23714.13,23718.65,0
2026-01-14 15:04:00,23718.65,23724.89,23718.14,23721.82,0
2026-01-14 15:05:00,23721.82,23730.87,23718.47,23729.49,0
2026-01-14 15:06:00,23729.49,23733.69,23725.7,23729.5,0
2026-01-14 15:07:00,23729.5,23738.94,23728.99,23733.9,0
2026-01-14 15:08:00,23733.9,23740.13,23732.63,23739.06,0
2026-01-14 15:09:00,23739.06,23739.24,23735.29,23735.55,0
2026-01-14 15:10:00,23735.55,23741.41,23732.17,23738.51,0
2026-01-14 15:11:00,23738.51,23741.99,23736.95,23740.48,0
2026-01-14 15:12:00,23740.48,23744.42,23735.25,23737.49,0
2026-01-14 15:13:00,23737.49,23741.31,23736.47,23739.09,0
2026-01-14 15:14:00,23739.09,23742.89,23731.89,23736.96,0
2026-01-14 15:15:00,23736.96,23748.99,23736.79,23747.42,0
2026-01-14 15:16:00,23747.42,23749.81,23745.11,23747.99,0
2026-01-14 15:17:00,23747.99,23752.52,23742.44,23749.66,0
2026-01-14 15:18:00,23749.66,23751.21,23747.69,23750.91,0
2026-01-14 15:19:00,23750.91,23756.38,23748.53,23754.25,0
2026-01-14 15:20:00,23754.25,23757.91,23739.84,23747.92,0
2026-01-14 15:21:00,23747.92,23751.71,23742.46,23744.52,0
2026-01-14 15:22:00,23744.52,23753.12,23739.88,23750.08,0
2026-01-14 15:23:00,23750.08,23751.23,23740.34,23741.74,0
2026-01-14 15:24:00,23741.74,23751.99,23741.65,23749.31,0
2026-01-14 15:25:00,23749.31,23749.78,23746.64,23747.07,0
2026-01-14 15:26:00,23747.07,23752.39,23746.09,23746.19,0
2026-01-14 15:27:00,23746.19,23747.75,23735.51,23746.6,0
2026-01-14 15:28:00,23746.6,23748.56,23739.82,23742.43,0
2026-01-14 15:29:00,23742.43,23754.88,23741.87,23752.08,0
2026-01-15 09:15:00,23752.08,23765.64,23749.17,23755.73,0
2026-01-15 09:16:00,23755.73,23760.38,23751.26,23758.58,0
2026-01-15 09:17:00,23758.58,23765.67,23756.72,23765.29,0
2026-01-15 09:18:00,23765.29,23770.06,23757.96,23760.5,0
2026-01-15 09:19:00,23760.5,23771.31,23758.92,23770.4,0
2026-01-15 09:20:00,23770.4,23776.89,23755.99,23759.6,0
2026-01-15 09:21:00,23759.6,23760.19,23750.11,23753.78,0
2026-01-15 09:22:00,23753.78,23754.15,23753.72,23754.1,0
2026-01-15 09:23:00,23754.1,23759.35,23753.62,23759.24,0
2026-01-15 09:24:00,23759.24,23762.58,23754.75,23758.8,0
2026-01-15 09:25:00,23758.8,23762.77,23753.32,23754.63,0
2026-01-15 09:26:00,23754.63,23757.31,23750.2,23754.82,0
2026-01-15 09:27:00,23754.82,23755.36,23746.03,23747.19,0
2026-01-15 09:28:00,23747.19,23750.6,23740.05,23740.58,0
2026-01-15 09:29:00,23740.58,23745.45,23737.09,23739.73,0
2026-01-15 09:30:00,23739.73,23751.86,23736.57,23748.67,0
2026-01-15 09:31:00,23748.67,23753.15,23734.61,23739.45,0
2026-01-15 09:32:00,23739.45,23741.5,23733.73,23735.63,0
2026-01-15 09:33:00,23735.63,23737.29,23724.48,23728.16,0
2026-01-15 09:34:00,23728.16,23730.73,23727.68,23729.75,0
2026-01-15 09:35:00,23729.75,23738.28,23724.94,23735.81,0
2026-01-15 09:36:00,23735.81,23736.79,23730.75,23735.67,0
2026-01-15 09:37:00,23735.67,23736.38,23729.27,23733.02,0
2026-01-15 09:38:00,23733.02,23733.4,23721.23,23723.3,0
2026-01-15 09:39:00,23723.3,23723.31,23713.8,23716.09,0
2026-01-15 09:40:00,23716.09,23729.46,23713.87,23721.33,0
2026-01-15 09:41:00,23721.33,23727.21,23708.29,23709.87,0
2026-01-15 09:42:00,23709.87,23710.26,23704.91,23707.82,0
2026-01-15 09:43:00,23707.82,23710.04,23701.34,23701.5,0
2026-01-15 09:44:00,23701.5,23702.77,23693.85,23696.44,0
2026-01-15 09:45:00,23696.44,23701.28,23690.17,23697.85,0
2026-01-15 09:46:00,23697.85,23697.91,23681.75,23682.04,0
2026-01-15 09:47:00,23682.04,23690.07,23678.6,23687.84,0
2026-01-15 09:48:00,23687.84,23690.13,23676.98,23678.86,0
2026-01-15 09:49:00,23678.86,23685.05,23678.03,23684.81,0
2026-01-15 09:50:00,23684.81,23686.85,23671.22,23673.6,0
2026-01-15 09:51:00,23673.6,23675.64,23664.98,23669.93,0
2026-01-15 09:52:00,23669.93,23684.44,23666.57,23676.05,0
2026-01-15 09:53:00,23676.05,23681.7,23674.46,23677.98,0
2026-01-15 09:54:00,23677.98,23678.55,23667.96,23674.04,0
2026-01-15 09:55:00,23674.04,23676.42,23668.39,23668.84,0
2026-01-15 09:56:00,23668.84,23675.88,23665.39,23673.31,0
2026-01-15 09:57:00,23673.31,23674.71,23665.09,23665.2,0
2026-01-15 09:58:00,23665.2,23668.12,23662.13,23665.67,0
2026-01-15 09:59:00,23665.67,23672.1,23664.61,23668.67,0
2026-01-15 10:00:00,23668.67,23673.01,23665.83,23672.84,0
2026-01-15 10:01:00,23672.84,23677.82,23671.81,23672.35,0
2026-01-15 10:02:00,23672.35,23675.52,23669.18,23673.43,0
2026-01-15 10:03:00,23673.43,23675.63,23659.2,23665.43,0
2026-01-15 10:04:00,23665.43,23673.31,23661.06,23661.5,0
2026-01-15 10:05:00,23661.5,23663.54,23651.6,23656.93,0
2026-01-15 10:06:00,23656.93,23657.27,23649.67,23649.91,0
2026-01-15 10:07:00,23649.91,23652.08,23640.44,23645.5,0
2026-01-15 10:08:00,23645.5,23649.41,23636.17,23640.44,0
2026-01-15 10:09:00,23640.44,23642.56,23637.36,23638.74,0
2026-01-15 10:10:00,23638.74,23639.81,23635.08,23639.4,0
2026-01-15 10:11:00,23639.4,23643.51,23638.7,23642.83,0
2026-01-15 10:12:00,23642.83,23650.24,23640.67,23648.45,0
2026-01-15 10:13:00,23648.45,23649.95,23643.0,23646.8,0
2026-01-15 10:14:00,23646.8,23649.21,23645.21,23648.95,0
2026-01-15 10:15:00,23648.95,23658.79,23642.68,23657.46,0
2026-01-15 10:16:00,23657.46,23663.58,23655.81,23662.94,0
2026-01-15 10:17:00,23662.94,23663.48,23658.85,23661.23,0
2026-01-15 10:18:00,23661.23,23668.88,23656.65,23664.15,0
2026-01-15 10:19:00,23664.15,23668.6,23661.05,23664.32,0
2026-01-15 10:20:00,23664.32,23666.28,23657.78,23660.7,0
2026-01-15 10:21:00,23660.7,23664.13,23650.59,23651.56,0
2026-01-15 10:22:00,23651.56,23660.69,23644.57,23657.37,0
2026-01-15 10:23:00,23657.37,23660.02,23652.11,23653.79,0
2026-01-15 10:24:00,23653.79,23659.41,23649.6,23656.17,0
2026-01-15 10:25:00,23656.17,23661.93,23655.33,23658.77,0
2026-01-15 10:26:00,23658.77,23666.69,23657.3,23666.48,0
2026-01-15 10:27:00,23666.48,23666.64,23659.89,23662.62,0
2026-01-15 10:28:00,23662.62,23663.01,23653.3,23655.44,0
2026-01-15 10:29:00,23655.44,23657.97,23648.92,23653.68,0
2026-01-15 10:30:00,23653.68,23654.46,23643.16,23646.06,0
2026-01-15 10:31:00,23646.06,23646.59,23635.05,23642.18,0
2026-01-15 10:32:00,23642.18,23648.35,23640.55,23645.82,0
2026-01-15 10:33:00,23645.82,23655.18,23644.72,23649.72,0
2026-01-15 10:34:00,23649.72,23660.65,23648.25,23656.3,0
2026-01-15 10:35:00,23656.3,23656.77,23644.68,23645.56,0
2026-01-15 10:36:00,23645.56,23645.74,23633.54,23635.81,0
2026-01-15 10:37:00,23635.81,23636.36,23629.84,23634.25,0
2026-01-15 10:38:00,23634.25,23637.09,23630.44,23630.55,0
2026-01-15 10:39:00,23630.55,23639.08,23630.34,23637.3,0
2026-01-15 10:40:00,23637.3,23641.0,23631.67,23634.33,0
2026-01-15 10:41:00,23634.33,23635.33,23616.65,23623.89,0
2026-01-15 10:42:00,23623.89,23634.73,23622.0,23632.89,0
2026-01-15 10:43:00,23632.89,23633.8,23619.85,23625.12,0
2026-01-15 10:44:00,23625.12,23630.05,23619.79,23628.51,0
2026-01-15 10:45:00,23628.51,23632.07,23624.56,23628.38,0
2026-01-15 10:46:00,23628.38,23633.84,23625.69,23626.24,0
2026-01-15 10:47:00,23626.24,23626.81,23620.55,23622.9,0
2026-01-15 10:48:00,23622.9,23623.19,23611.93,23616.85,0
2026-01-15 10:49:00,23616.85,23621.48,23604.78,23607.31,0
2026-01-15 10:50:00,23607.31,23611.37,23603.66,23609.17,0
2026-01-15 10:51:00,23609.17,23610.15,23607.95,23609.44,0
2026-01-15 10:52:00,23609.44,23615.45,23608.62,23612.25,0
2026-01-15 10:53:00,23612.25,23612.36,23609.08,23611.33,0
2026-01-15 10:54:00,23611.33,23612.19,23609.97,23610.52,0
2026-01-15 10:55:00,23610.52,23616.53,23608.85,23614.06,0
2026-01-15 10:56:00,23614.06,23622.39,23609.88,23619.86,0
2026-01-15 10:57:00,23619.86,23625.5,23612.87,23623.64,0
2026-01-15 10:58:00,23623.64,23634.17,23621.45,23630.42,0
2026-01-15 10:59:00,23630.42,23634.14,23629.1,23630.7,0
2026-01-15 11:00:00,23630.7,23631.91,23622.13,23628.56,0
2026-01-15 11:01:00,23628.56,23641.39,23625.25,23637.87,0
2026-01-15 11:02:00,23637.87,23642.37,23635.49,23640.67,0
2026-01-15 11:03:00,23640.67,23641.42,23640.15,23640.62,0
2026-01-15 11:04:00,23640.62,23646.11,23639.51,23643.78,0
2026-01-15 11:05:00,23643.78,23650.29,23632.87,23634.03,0
2026-01-15 11:06:00,23634.03,23636.28,23626.3,23628.06,0
2026-01-15 11:07:00,23628.06,23635.13,23617.27,23624.34,0
2026-01-15 11:08:00,23624.34,23632.16,23623.42,23632.04,0
2026-01-15 11:09:00,23632.04,23634.65,23631.08,23633.95,0
2026-01-15 11:10:00,23633.95,23635.15,23620.55,23626.11,0
2026-01-15 11:11:00,23626.11,23629.81,23603.87,23610.59,0
2026-01-15 11:12:00,23610.59,23613.23,23604.22,23605.46,0
2026-01-15 11:13:00,23605.46,23609.97,23601.61,23601.97,0
2026-01-15 11:14:00,23601.97,23603.9,23596.19,23600.89,0
2026-01-15 11:15:00,23600.89,23603.08,23597.47,23601.82,0
2026-01-15 11:16:00,23601.82,23609.49,23598.22,23604.92,0
2026-01-15 11:17:00,23604.92,23609.92,23587.6,23587.91,0
2026-01-15 11:18:00,23587.91,23589.21,23578.72,23581.6,0
2026-01-15 11:19:00,23581.6,23585.32,23570.21,23572.27,0
2026-01-15 11:20:00,23572.27,23576.66,23568.29,23568.94,0
2026-01-15 11:21:00,23568.94,23572.94,23563.82,23565.62,0
2026-01-15 11:22:00,23565.62,23569.54,23551.3,23555.25,0
2026-01-15 11:23:00,23555.25,23570.63,23554.58,23565.5,0
2026-01-15 11:24:00,23565.5,23567.6,23559.44,23563.18,0
2026-01-15 11:25:00,23563.18,23569.81,23557.69,23558.32,0
2026-01-15 11:26:00,23558.32,23572.24,23558.15,23565.12,0
2026-01-15 11:27:00,23565.12,23571.09,23560.27,23560.92,0
2026-01-15 11:28:00,23560.92,23566.79,23551.18,23553.24,0
2026-01-15 11:29:00,23553.24,23557.01,23551.18,23553.22,0
2026-01-15 11:30:00,23553.22,23555.24,23552.0,23554.37,0
2026-01-15 11:31:00,23554.37,23556.54,23546.68,23550.92,0
2026-01-15 11:32:00,23550.92,23560.86,23546.73,23558.18,0
2026-01-15 11:33:00,23558.18,23559.4,23544.34,23551.15,0
2026-01-15 11:34:00,23551.15,23552.1,23549.15,23549.91,0
2026-01-15 11:35:00,23549.91,23551.94,23546.65,23551.41,0
2026-01-15 11:36:00,23551.41,23558.98,23546.67,23557.32,0
2026-01-15 11:37:00,23557.32,23558.98,23546.95,23555.92,0
2026-01-15 11:38:00,23555.92,23560.62,23537.18,23544.28,0
2026-01-15 11:39:00,23544.28,23549.65,23541.09,23546.43,0
2026-01-15 11:40:00,23546.43,23546.84,23532.6,23533.79,0
2026-01-15 11:41:00,23533.79,23537.15,23526.07,23527.27,0
2026-01-15 11:42:00,23527.27,23531.57,23526.82,23529.97,0
2026-01-15 11:43:00,23529.97,23530.19,23526.97,23527.27,0
2026-01-15 11:44:00,23527.27,23528.58,23522.6,23523.16,0
2026-01-15 11:45:00,23523.16,23526.33,23515.98,23517.31,0
2026-01-15 11:46:00,23517.31,23529.26,23516.05,23525.31,0
2026-01-15 11:47:00,23525.31,23531.15,23523.17,23528.02,0
2026-01-15 11:48:00,23528.02,23528.13,23518.18,23520.88,0
2026-01-15 11:49:00,23520.88,23523.0,23517.31,23522.32,0
2026-01-15 11:50:00,23522.32,23523.5,23522.22,23523.31,0
2026-01-15 11:51:00,23523.31,23535.93,23520.91,23532.35,0
2026-01-15 11:52:00,23532.35,23534.68,23532.06,23533.74,0
2026-01-15 11:53:00,23533.74,23546.33,23533.62,23543.58,0
2026-01-15 11:54:00,23543.58,23544.07,23538.52,23539.61,0
2026-01-15 11:55:00,23539.61,23542.92,23536.54,23536.6,0
2026-01-15 11:56:00,23536.6,23542.76,23520.74,23529.47,0
2026-01-15 11:57:00,23529.47,23529.84,23524.87,23527.84,0
2026-01-15 11:58:00,23527.84,23538.94,23523.15,23534.55,0
2026-01-15 11:59:00,23534.55,23536.8,23531.48,23536.46,0
2026-01-15 12:00:00,23536.46,23540.26,23534.92,23536.3,0
2026-01-15 12:01:00,23536.3,23542.12,23532.96,23540.29,0
2026-01-15 12:02:00,23540.29,23548.42,23535.76,23547.49,0
2026-01-15 12:03:00,23547.49,23553.33,23545.89,23550.3,0
2026-01-15 12:04:00,23550.3,23552.72,23545.05,23548.43,0
2026-01-15 12:05:00,23548.43,23549.81,23547.22,23549.79,0
2026-01-15 12:06:00,23549.79,23555.44,23542.52,23543.56,0
2026-01-15 12:07:00,23543.56,23552.54,23541.51,23550.24,0
2026-01-15 12:08:00,23550.24,23560.12,23547.21,23559.43,0
2026-01-15 12:09:00,23559.43,23569.49,23558.26,23565.32,0
2026-01-15 12:10:00,23565.32,23565.52,23550.65,23557.96,0
2026-01-15 12:11:00,23557.96,23562.87,23557.14,23558.28,0
2026-01-15 12:12:00,23558.28,23560.42,23552.37,23553.86,0
2026-01-15 12:13:00,23553.86,23562.57,23547.72,23561.49,0
2026-01-15 12:14:00,23561.49,23562.06,23556.54,23559.37,0
2026-01-15 12:15:00,23559.37,23560.41,23550.61,23551.66,0
2026-01-15 12:16:00,23551.66,23553.35,23544.56,23545.8,0
2026-01-15 12:17:00,23545.8,23546.02,23541.29,23542.47,0
2026-01-15 12:18:00,23542.47,23550.57,23541.33,23546.85,0
2026-01-15 12:19:00,23546.85,23548.91,23541.35,23542.46,0
2026-01-15 12:20:00,23542.46,23542.98,23534.1,23535.26,0
2026-01-15 12:21:00,23535.26,23535.8,23531.53,23534.66,0
2026-01-15 12:22:00,23534.66,23547.18,23531.62,23544.52,0
2026-01-15 12:23:00,23544.52,23547.64,23534.18,23538.08,0
2026-01-15 12:24:00,23538.08,23545.69,23528.22,23529.93,0
2026-01-15 12:25:00,23529.93,23535.24,23515.39,23515.58,0
2026-01-15 12:26:00,23515.58,23517.3,23507.53,23510.75,0
2026-01-15 12:27:00,23510.75,23513.43,23507.29,23512.3,0
2026-01-15 12:28:00,23512.3,23514.85,23504.96,23506.65,0
2026-01-15 12:29:00,23506.65,23508.72,23501.45,23502.15,0
2026-01-15 12:30:00,23502.15,23503.53,23489.83,23495.81,0
2026-01-15 12:31:00,23495.81,23497.11,23493.97,23496.81,0
2026-01-15 12:32:00,23496.81,23498.0,23492.58,23495.39,0
2026-01-15 12:33:00,23495.39,23496.0,23491.73,23495.54,0
2026-01-15 12:34:00,23495.54,23499.49,23495.38,23499.06,0
2026-01-15 12:35:00,23499.06,23505.08,23496.18,23496.18,0
2026-01-15 12:36:00,23496.18,23498.74,23489.78,23491.56,0
2026-01-15 12:37:00,23491.56,23493.93,23488.12,23490.3,0
2026-01-15 12:38:00,23490.3,23496.16,23487.13,23495.9,0
2026-01-15 12:39:00,23495.9,23499.46,23493.19,23495.8,0
2026-01-15 12:40:00,23495.8,23499.69,23494.87,23497.72,0
2026-01-15 12:41:00,23497.72,23500.21,23490.61,23491.87,0
2026-01-15 12:42:00,23491.87,23495.52,23491.09,23494.74,0
2026-01-15 12:43:00,23494.74,23497.71,23491.19,23496.97,0
2026-01-15 12:44:00,23496.97,23500.51,23492.2,23494.46,0
2026-01-15 12:45:00,23494.46,23500.13,23492.6,23498.37,0
2026-01-15 12:46:00,23498.37,23502.78,23495.57,23499.85,0
2026-01-15 12:47:00,23499.85,23502.98,23497.8,23500.0,0
2026-01-15 12:48:00,23500.0,23514.25,23497.25,23508.22,0
2026-01-15 12:49:00,23508.22,23513.47,23505.86,23511.14,0
2026-01-15 12:50:00,23511.14,23516.31,23497.85,23498.95,0
2026-01-15 12:51:00,23498.95,23508.3,23496.75,23505.57,0
2026-01-15 12:52:00,23505.57,23514.25,23503.73,23513.68,0
2026-01-15 12:53:00,23513.68,23518.46,23510.97,23512.53,0
2026-01-15 12:54:00,23512.53,23513.47,23499.07,23499.64,0
2026-01-15 12:55:00,23499.64,23503.46,23498.95,23501.31,0
2026-01-15 12:56:00,23501.31,23502.01,23494.24,23494.5,0
2026-01-15 12:57:00,23494.5,23500.87,23488.49,23495.94,0
2026-01-15 12:58:00,23495.94,23500.34,23492.47,23499.04,0
2026-01-15 12:59:00,23499.04,23499.48,23496.03,23499.46,0
2026-01-15 13:00:00,23499.46,23509.51,23497.44,23503.78,0
2026-01-15 13:01:00,23503.78,23511.64,23503.39,23508.44,0
2026-01-15 13:02:00,23508.44,23516.7,23507.91,23514.27,0
2026-01-15 13:03:00,23514.27,23522.42,23513.41,23518.5,0
2026-01-15 13:04:00,23518.5,23519.9,23516.51,23516.75,0
2026-01-15 13:05:00,23516.75,23519.97,23514.45,23517.57,0
2026-01-15 13:06:00,23517.57,23523.94,23516.77,23522.81,0
2026-01-15 13:07:00,23522.81,23524.69,23515.17,23515.31,0
2026-01-15 13:08:00,23515.31,23526.82,23513.18,23520.92,0
2026-01-15 13:09:00,23520.92,23525.46,23518.36,23522.08,0
2026-01-15 13:10:00,23522.08,23525.75,23519.15,23524.45,0
2026-01-15 13:11:00,23524.45,23527.16,23513.63,23517.82,0
2026-01-15 13:12:00,23517.82,23520.58,23516.47,23520.0,0
2026-01-15 13:13:00,23520.0,23522.94,23509.47,23509.76,0
2026-01-15 13:14:00,23509.76,23519.26,23506.62,23517.11,0
2026-01-15 13:15:00,23517.11,23518.85,23508.74,23512.84,0
2026-01-15 13:16:00,23512.84,23515.55,23508.62,23508.64,0
2026-01-15 13:17:00,23508.64,23509.24,23501.12,23503.04,0
2026-01-15 13:18:00,23503.04,23503.84,23497.09,23498.78,0
2026-01-15 13:19:00,23498.78,23499.41,23491.74,23494.19,0
2026-01-15 13:20:00,23494.19,23497.9,23490.1,23491.23,0
2026-01-15 13:21:00,23491.23,23494.42,23482.93,23487.12,0
2026-01-15 13:22:00,23487.12,23488.87,23479.78,23483.24,0
2026-01-15 13:23:00,23483.24,23484.35,23478.71,23480.82,0
2026-01-15 13:24:00,23480.82,23482.34,23471.29,23473.34,0
2026-01-15 13:25:00,23473.34,23477.6,23469.36,23473.94,0
2026-01-15 13:26:00,23473.94,23491.39,23469.47,23490.76,0
2026-01-15 13:27:00,23490.76,23499.62,23485.15,23495.71,0
2026-01-15 13:28:00,23495.71,23509.34,23493.21,23505.63,0
2026-01-15 13:29:00,23505.63,23507.04,23493.11,23499.14,0
2026-01-15 13:30:00,23499.14,23504.66,23495.62,23502.7,0
2026-01-15 13:31:00,23502.7,23503.85,23489.12,23492.12,0
2026-01-15 13:32:00,23492.12,23492.95,23488.02,23492.93,0
2026-01-15 13:33:00,23492.93,23496.19,23485.48,23487.94,0
2026-01-15 13:34:00,23487.94,23488.31,23483.91,23484.24,0
2026-01-15 13:35:00,23484.24,23490.58,23483.55,23487.68,0
2026-01-15 13:36:00,23487.68,23488.3,23487.62,23488.22,0
2026-01-15 13:37:00,23488.22,23490.27,23486.74,23489.7,0
2026-01-15 13:38:00,23489.7,23497.72,23488.75,23495.81,0
2026-01-15 13:39:00,23495.81,23499.21,23489.27,23490.59,0
2026-01-15 13:40:00,23490.59,23490.99,23489.0,23490.34,0
2026-01-15 13:41:00,23490.34,23492.35,23483.97,23489.32,0
2026-01-15 13:42:00,23489.32,23492.16,23484.42,23491.38,0
2026-01-15 13:43:00,23491.38,23500.48,23487.44,23495.55,0
2026-01-15 13:44:00,23495.55,23499.32,23492.14,23496.8,0
2026-01-15 13:45:00,23496.8,23498.72,23490.15,23491.78,0
2026-01-15 13:46:00,23491.78,23493.88,23482.32,23485.13,0
2026-01-15 13:47:00,23485.13,23485.48,23478.67,23481.33,0
2026-01-15 13:48:00,23481.33,23481.58,23470.91,23471.27,0
2026-01-15 13:49:00,23471.27,23474.14,23460.39,23462.81,0
2026-01-15 13:50:00,23462.81,23469.54,23459.42,23468.03,0
2026-01-15 13:51:00,23468.03,23468.52,23466.98,23467.49,0
2026-01-15 13:52:00,23467.49,23470.43,23461.85,23464.02,0
2026-01-15 13:53:00,23464.02,23465.46,23458.61,23463.53,0
2026-01-15 13:54:00,23463.53,23464.86,23460.52,23461.89,0
2026-01-15 13:55:00,23461.89,23464.77,23459.38,23460.81,0
2026-01-15 13:56:00,23460.81,23466.93,23448.02,23451.97,0
2026-01-15 13:57:00,23451.97,23453.24,23445.37,23445.74,0
2026-01-15 13:58:00,23445.74,23447.88,23440.74,23442.39,0
2026-01-15 13:59:00,23442.39,23446.03,23439.53,23444.94,0
2026-01-15 14:00:00,23444.94,23450.76,23441.71,23450.57,0
2026-01-15 14:01:00,23450.57,23458.11,23450.2,23453.53,0
2026-01-15 14:02:00,23453.53,23454.15,23443.73,23444.43,0
2026-01-15 14:03:00,23444.43,23445.04,23441.48,23442.28,0
2026-01-15 14:04:00,23442.28,23447.33,23432.61,23434.9,0
2026-01-15 14:05:00,23434.9,23439.55,23426.11,23428.59,0
2026-01-15 14:06:00,23428.59,23432.93,23426.6,23428.36,0
2026-01-15 14:07:00,23428.36,23432.02,23420.77,23424.07,0
2026-01-15 14:08:00,23424.07,23426.62,23422.16,23423.58,0
2026-01-15 14:09:00,23423.58,23438.66,23423.12,23432.99,0
2026-01-15 14:10:00,23432.99,23436.19,23419.95,23420.25,0
2026-01-15 14:11:00,23420.25,23427.06,23417.28,23424.16,0
2026-01-15 14:12:00,23424.16,23425.04,23421.94,23424.53,0
2026-01-15 14:13:00,23424.53,23428.98,23423.33,23428.6,0
2026-01-15 14:14:00,23428.6,23440.12,23423.8,23439.64,0
2026-01-15 14:15:00,23439.64,23442.68,23436.5,23438.72,0
2026-01-15 14:16:00,23438.72,23442.74,23432.33,23439.57,0
2026-01-15 14:17:00,23439.57,23443.52,23436.38,23442.72,0
2026-01-15 14:18:00,23442.72,23443.99,23438.95,23443.76,0
2026-01-15 14:19:00,23443.76,23463.17,23442.8,23460.99,0
2026-01-15 14:20:00,23460.99,23461.89,23456.1,23456.74,0
2026-01-15 14:21:00,23456.74,23459.83,23448.1,23448.87,0
2026-01-15 14:22:00,23448.87,23458.58,23447.33,23452.38,0
2026-01-15 14:23:00,23452.38,23453.53,23448.65,23450.62,0
2026-01-15 14:24:00,23450.62,23453.61,23447.73,23452.42,0
2026-01-15 14:25:00,23452.42,23454.55,23439.94,23440.89,0
2026-01-15 14:26:00,23440.89,23449.7,23440.57,23447.15,0
2026-01-15 14:27:00,23447.15,23448.22,23436.6,23438.75,0
2026-01-15 14:28:00,23438.75,23451.0,23436.06,23446.02,0
2026-01-15 14:29:00,23446.02,23447.71,23432.81,23436.97,0
2026-01-15 14:30:00,23436.97,23438.27,23431.77,23432.85,0
2026-01-15 14:31:00,23432.85,23434.86,23424.25,23429.37,0
2026-01-15 14:32:00,23429.37,23433.68,23428.83,23430.29,0
2026-01-15 14:33:00,23430.29,23431.36,23426.31,23429.66,0
2026-01-15 14:34:00,23429.66,23442.28,23428.13,23436.43,0
2026-01-15 14:35:00,23436.43,23436.83,23418.84,23420.78,0
2026-01-15 14:36:00,23420.78,23422.56,23413.37,23416.03,0
2026-01-15 14:37:00,23416.03,23420.15,23414.3,23416.84,0
2026-01-15 14:38:00,23416.84,23416.86,23395.11,23398.71,0
2026-01-15 14:39:00,23398.71,23402.21,23395.63,23398.37,0
2026-01-15 14:40:00,23398.37,23406.5,23391.82,23395.32,0
2026-01-15 14:41:00,23395.32,23396.91,23385.25,23388.33,0
2026-01-15 14:42:00,23388.33,23395.03,23387.37,23393.01,0
2026-01-15 14:43:00,23393.01,23395.99,23392.46,23393.72,0
2026-01-15 14:44:00,23393.72,23398.0,23386.03,23388.96,0
2026-01-15 14:45:00,23388.96,23401.37,23386.74,23400.22,0
2026-01-15 14:46:00,23400.22,23401.56,23395.98,23399.55,0
2026-01-15 14:47:00,23399.55,23401.43,23397.38,23399.34,0
2026-01-15 14:48:00,23399.34,23403.23,23397.07,23401.2,0
2026-01-15 14:49:00,23401.2,23406.8,23398.5,23401.98,0
2026-01-15 14:50:00,23401.98,23410.4,23398.72,23407.9,0
2026-01-15 14:51:00,23407.9,23409.66,23404.42,23405.24,0
2026-01-15 14:52:00,23405.24,23408.97,23401.74,23402.41,0
2026-01-15 14:53:00,23402.41,23412.37,23401.33,23410.28,0
2026-01-15 14:54:00,23410.28,23421.98,23408.35,23419.78,0
2026-01-15 14:55:00,23419.78,23424.53,23415.32,23416.22,0
2026-01-15 14:56:00,23416.22,23422.64,23411.0,23412.41,0
2026-01-15 14:57:00,23412.41,23415.17,23397.1,23399.85,0
2026-01-15 14:58:00,23399.85,23400.66,23397.54,23399.63,0
2026-01-15 14:59:00,23399.63,23399.74,23395.89,23396.28,0
2026-01-15 15:00:00,23396.28,23410.09,23395.8,23405.99,0
2026-01-15 15:01:00,23405.99,23408.57,23397.9,23398.09,0
2026-01-15 15:02:00,23398.09,23405.05,23397.57,23404.92,0
2026-01-15 15:03:00,23404.92,23410.85,23402.96,23408.7,0
2026-01-15 15:04:00,23408.7,23424.71,23405.97,23422.15,0
2026-01-15 15:05:00,23422.15,23428.46,23418.18,23426.07,0
2026-01-15 15:06:00,23426.07,23428.83,23412.11,23418.17,0
2026-01-15 15:07:00,23418.17,23419.38,23415.2,23418.41,0
2026-01-15 15:08:00,23418.41,23427.52,23417.59,23424.76,0
2026-01-15 15:09:00,23424.76,23426.81,23421.33,23423.76,0
2026-01-15 15:10:00,23423.76,23427.08,23415.86,23419.85,0
2026-01-15 15:11:00,23419.85,23429.1,23419.62,23424.16,0
2026-01-15 15:12:00,23424.16,23426.11,23417.16,23417.75,0
2026-01-15 15:13:00,23417.75,23427.24,23415.09,23423.68,0
2026-01-15 15:14:00,23423.68,23430.87,23421.94,23429.28,0
2026-01-15 15:15:00,23429.28,23438.91,23427.7,23434.57,0
2026-01-15 15:16:00,23434.57,23437.19,23433.33,23435.98,0
2026-01-15 15:17:00,23435.98,23438.18,23431.14,23436.44,0
2026-01-15 15:18:00,23436.44,23443.13,23431.31,23432.63,0
2026-01-15 15:19:00,23432.63,23438.04,23426.46,23429.3,0
2026-01-15 15:20:00,23429.3,23434.28,23428.0,23432.33,0
2026-01-15 15:21:00,23432.33,23437.5,23427.72,23435.71,0
2026-01-15 15:22:00,23435.71,23437.16,23428.29,23429.08,0
2026-01-15 15:23:00,23429.08,23431.73,23418.19,23419.03,0
2026-01-15 15:24:00,23419.03,23426.87,23418.55,23423.2,0
2026-01-15 15:25:00,23423.2,23423.84,23419.02,23419.26,0
2026-01-15 15:26:00,23419.26,23430.2,23414.6,23427.74,0
2026-01-15 15:27:00,23427.74,23434.35,23425.08,23432.09,0
2026-01-15 15:28:00,23432.09,23438.19,23430.74,23437.79,0
2026-01-15 15:29:00,23437.79,23441.51,23435.55,23435.85,0
2026-01-16 09:15:00,23435.85,23441.42,23429.25,23440.33,0
2026-01-16 09:16:00,23440.33,23443.53,23434.97,23435.58,0
2026-01-16 09:17:00,23435.58,23444.42,23434.34,23442.18,0
2026-01-16 09:18:00,23442.18,23444.48,23434.8,23436.25,0
2026-01-16 09:19:00,23436.25,23438.52,23435.38,23437.07,0
2026-01-16 09:20:00,23437.07,23438.22,23424.95,23429.36,0
2026-01-16 09:21:00,23429.36,23433.37,23417.28,23420.52,0
2026-01-16 09:22:00,23420.52,23433.68,23416.89,23429.64,0
2026-01-16 09:23:00,23429.64,23431.42,23422.86,23426.21,0
2026-01-16 09:24:00,23426.21,23426.92,23418.25,23422.96,0
2026-01-16 09:25:00,23422.96,23425.86,23416.85,23424.11,0
2026-01-16 09:26:00,23424.11,23424.93,23409.35,23409.76,0
2026-01-16 09:27:00,23409.76,23413.94,23408.08,23410.6,0
2026-01-16 09:28:00,23410.6,23413.39,23405.85,23411.22,0
2026-01-16 09:29:00,23411.22,23414.85,23405.75,23412.74,0
2026-01-16 09:30:00,23412.74,23413.39,23404.66,23409.77,0
2026-01-16 09:31:00,23409.77,23411.0,23401.03,23408.42,0
2026-01-16 09:32:00,23408.42,23412.2,23404.68,23411.61,0
2026-01-16 09:33:00,23411.61,23417.05,23402.49,23406.56,0
2026-01-16 09:34:00,23406.56,23408.0,23403.85,23407.12,0
2026-01-16 09:35:00,23407.12,23409.51,23403.99,23405.82,0
2026-01-16 09:36:00,23405.82,23411.11,23404.44,23409.45,0
2026-01-16 09:37:00,23409.45,23410.86,23395.73,23402.19,0
2026-01-16 09:38:00,23402.19,23404.73,23400.37,23402.02,0
2026-01-16 09:39:00,23402.02,23411.74,23399.34,23410.74,0
2026-01-16 09:40:00,23410.74,23419.42,23408.76,23416.71,0
2026-01-16 09:41:00,23416.71,23423.27,23416.58,23423.18,0
2026-01-16 09:42:00,23423.18,23435.39,23422.31,23433.82,0
2026-01-16 09:43:00,23433.82,23434.35,23428.81,23431.92,0
2026-01-16 09:44:00,23431.92,23436.73,23430.66,23434.49,0
2026-01-16 09:45:00,23434.49,23435.34,23433.21,23433.78,0
2026-01-16 09:46:00,23433.78,23438.56,23419.75,23420.92,0
2026-01-16 09:47:00,23420.92,23425.37,23401.84,23407.85,0
2026-01-16 09:48:00,23407.85,23413.17,23406.94,23411.8,0
2026-01-16 09:49:00,23411.8,23412.48,23395.61,23398.52,0
2026-01-16 09:50:00,23398.52,23403.41,23395.74,23399.52,0
2026-01-16 09:51:00,23399.52,23401.24,23395.78,23396.36,0
2026-01-16 09:52:00,23396.36,23402.41,23394.04,23394.5,0
2026-01-16 09:53:00,23394.5,23408.51,23390.81,23407.24,0
2026-01-16 09:54:00,23407.24,23407.39,23402.98,23407.13,0
2026-01-16 09:55:00,23407.13,23422.16,23405.16,23414.73,0
2026-01-16 09:56:00,23414.73,23421.65,23409.4,23412.07,0
2026-01-16 09:57:00,23412.07,23418.84,23409.06,23414.18,0
2026-01-16 09:58:00,23414.18,23416.4,23410.55,23412.04,0
2026-01-16 09:59:00,23412.04,23414.58,23410.09,23414.42,0
2026-01-16 10:00:00,23414.42,23415.54,23408.39,23409.71,0
2026-01-16 10:01:00,23409.71,23421.87,23409.54,23421.71,0
2026-01-16 10:02:00,23421.71,23429.52,23417.95,23429.3,0
2026-01-16 10:03:00,23429.3,23434.05,23428.76,23430.72,0
2026-01-16 10:04:00,23430.72,23433.26,23424.02,23425.23,0
2026-01-16 10:05:00,23425.23,23441.85,23424.28,23436.43,0
2026-01-16 10:06:00,23436.43,23454.32,23433.9,23451.0,0
2026-01-16 10:07:00,23451.0,23461.07,23448.29,23456.55,0
2026-01-16 10:08:00,23456.55,23460.54,23452.97,23458.67,0
2026-01-16 10:09:00,23458.67,23463.66,23458.51,23460.95,0
2026-01-16 10:10:00,23460.95,23466.96,23459.98,23466.89,0
2026-01-16 10:11:00,23466.89,23470.92,23464.53,23465.01,0
2026-01-16 10:12:00,23465.01,23470.11,23459.22,23467.84,0
2026-01-16 10:13:00,23467.84,23471.66,23457.93,23458.6,0
2026-01-16 10:14:00,23458.6,23462.29,23453.45,23454.01,0
2026-01-16 10:15:00,23454.01,23455.35,23442.38,23445.02,0
2026-01-16 10:16:00,23445.02,23447.75,23443.69,23443.84,0
2026-01-16 10:17:00,23443.84,23448.3,23443.24,23446.57,0
2026-01-16 10:18:00,23446.57,23449.04,23443.4,23445.56,0
2026-01-16 10:19:00,23445.56,23453.67,23444.98,23450.05,0
2026-01-16 10:20:00,23450.05,23450.97,23439.01,23444.27,0
2026-01-16 10:21:00,23444.27,23447.83,23440.52,23441.03,0
2026-01-16 10:22:00,23441.03,23442.57,23438.45,23438.75,0
2026-01-16 10:23:00,23438.75,23441.46,23437.9,23441.27,0
2026-01-16 10:24:00,23441.27,23443.25,23430.73,23434.52,0
2026-01-16 10:25:00,23434.52,23445.17,23433.27,23441.16,0
2026-01-16 10:26:00,23441.16,23443.43,23430.85,23431.5,0
2026-01-16 10:27:00,23431.5,23433.75,23428.04,23428.75,0
2026-01-16 10:28:00,23428.75,23431.64,23428.5,23428.63,0
2026-01-16 10:29:00,23428.63,23431.69,23428.5,23430.18,0
2026-01-16 10:30:00,23430.18,23437.11,23427.13,23430.06,0
2026-01-16 10:31:00,23430.06,23436.13,23428.2,23432.0,0
2026-01-16 10:32:00,23432.0,23443.24,23431.47,23435.28,0
2026-01-16 10:33:00,23435.28,23437.64,23434.99,23437.57,0
2026-01-16 10:34:00,23437.57,23441.72,23435.5,23436.58,0
2026-01-16 10:35:00,23436.58,23437.29,23428.63,23434.88,0
2026-01-16 10:36:00,23434.88,23436.46,23428.79,23429.71,0
2026-01-16 10:37:00,23429.71,23431.45,23425.64,23430.6,0
2026-01-16 10:38:00,23430.6,23438.49,23430.52,23437.23,0
2026-01-16 10:39:00,23437.23,23437.95,23433.84,23436.85,0
2026-01-16 10:40:00,23436.85,23439.97,23427.92,23429.31,0
2026-01-16 10:41:00,23429.31,23431.52,23419.95,23423.54,0
2026-01-16 10:42:00,23423.54,23425.27,23406.26,23410.17,0
2026-01-16 10:43:00,23410.17,23411.91,23405.75,23408.72,0
2026-01-16 10:44:00,23408.72,23408.94,23391.09,23399.87,0
2026-01-16 10:45:00,23399.87,23401.07,23383.87,23387.16,0
2026-01-16 10:46:00,23387.16,23398.91,23384.75,23398.04,0
2026-01-16 10:47:00,23398.04,23399.39,23393.53,23396.33,0
2026-01-16 10:48:00,23396.33,23397.76,23390.49,23390.62,0
2026-01-16 10:49:00,23390.62,23398.73,23390.0,23397.48,0
2026-01-16 10:50:00,23397.48,23401.45,23391.6,23392.36,0
2026-01-16 10:51:00,23392.36,23399.93,23391.56,23396.64,0
2026-01-16 10:52:00,23396.64,23399.39,23390.37,23393.83,0
2026-01-16 10:53:00,23393.83,23394.79,23389.23,23389.5,0
2026-01-16 10:54:00,23389.5,23389.8,23374.98,23375.87,0
2026-01-16 10:55:00,23375.87,23375.96,23368.0,23369.6,0
2026-01-16 10:56:00,23369.6,23373.65,23362.41,23363.4,0
2026-01-16 10:57:00,23363.4,23365.78,23358.77,23364.98,0
2026-01-16 10:58:00,23364.98,23368.79,23362.72,23365.78,0
2026-01-16 10:59:00,23365.78,23367.79,23361.6,23361.9,0
2026-01-16 11:00:00,23361.9,23372.12,23359.79,23369.13,0
2026-01-16 11:01:00,23369.13,23374.4,23367.02,23371.68,0
2026-01-16 11:02:00,23371.68,23386.13,23369.38,23385.06,0
2026-01-16 11:03:00,23385.06,23388.89,23383.38,23384.15,0
2026-01-16 11:04:00,23384.15,23394.82,23380.29,23392.86,0
2026-01-16 11:05:00,23392.86,23393.39,23382.52,23383.4,0
2026-01-16 11:06:00,23383.4,23387.08,23378.62,23380.44,0
2026-01-16 11:07:00,23380.44,23388.03,23377.96,23382.55,0
2026-01-16 11:08:00,23382.55,23384.74,23374.05,23380.03,0
2026-01-16 11:09:00,23380.03,23384.92,23376.71,23382.31,0
2026-01-16 11:10:00,23382.31,23390.16,23380.04,23383.69,0
2026-01-16 11:11:00,23383.69,23386.34,23367.43,23369.83,0
2026-01-16 11:12:00,23369.83,23372.34,23359.81,23367.4,0
2026-01-16 11:13:00,23367.4,23373.96,23362.59,23362.83,0
2026-01-16 11:14:00,23362.83,23363.12,23351.36,23354.03,0
2026-01-16 11:15:00,23354.03,23358.71,23347.93,23350.55,0
2026-01-16 11:16:00,23350.55,23353.31,23348.69,23349.35,0
2026-01-16 11:17:00,23349.35,23349.42,23344.03,23346.0,0
2026-01-16 11:18:00,23346.0,23360.35,23340.44,23356.28,0
2026-01-16 11:19:00,23356.28,23361.24,23355.98,23356.11,0
2026-01-16 11:20:00,23356.11,23359.09,23352.06,23353.61,0
2026-01-16 11:21:00,23353.61,23353.75,23350.46,23353.21,0
2026-01-16 11:22:00,23353.21,23356.65,23347.61,23347.73,0
2026-01-16 11:23:00,23347.73,23355.83,23344.01,23352.14,0
2026-01-16 11:24:00,23352.14,23363.79,23350.97,23361.63,0
2026-01-16 11:25:00,23361.63,23370.9,23356.94,23368.17,0
2026-01-16 11:26:00,23368.17,23372.52,23367.79,23369.11,0
2026-01-16 11:27:00,23369.11,23369.31,23363.7,23368.63,0
2026-01-16 11:28:00,23368.63,23371.46,23362.05,23365.36,0
2026-01-16 11:29:00,23365.36,23366.08,23361.15,23362.19,0
2026-01-16 11:30:00,23362.19,23367.35,23356.96,23361.67,0
2026-01-16 11:31:00,23361.67,23367.92,23357.61,23365.76,0
2026-01-16 11:32:00,23365.76,23378.64,23358.83,23371.34,0
2026-01-16 11:33:00,23371.34,23379.86,23369.8,23374.89,0
2026-01-16 11:34:00,23374.89,23376.25,23373.56,23374.67,0
2026-01-16 11:35:00,23374.67,23374.98,23370.62,23373.33,0
2026-01-16 11:36:00,23373.33,23375.0,23368.34,23369.91,0
2026-01-16 11:37:00,23369.91,23371.39,23357.21,23361.92,0
2026-01-16 11:38:00,23361.92,23371.15,23357.87,23366.19,0
2026-01-16 11:39:00,23366.19,23372.69,23354.12,23359.95,0
2026-01-16 11:40:00,23359.95,23363.1,23354.41,23357.68,0
2026-01-16 11:41:00,23357.68,23358.25,23351.0,23353.5,0
2026-01-16 11:42:00,23353.5,23362.13,23349.04,23356.85,0
2026-01-16 11:43:00,23356.85,23359.85,23354.78,23354.87,0
2026-01-16 11:44:00,23354.87,23359.04,23347.79,23352.45,0
2026-01-16 11:45:00,23352.45,23354.26,23347.36,23348.98,0
2026-01-16 11:46:00,23348.98,23360.47,23346.28,23359.01,0
2026-01-16 11:47:00,23359.01,23364.96,23357.87,23361.65,0
2026-01-16 11:48:00,23361.65,23366.97,23361.44,23365.53,0
2026-01-16 11:49:00,23365.53,23367.69,23352.0,23355.41,0
2026-01-16 11:50:00,23355.41,23359.94,23348.66,23355.45,0
2026-01-16 11:51:00,23355.45,23358.24,23347.25,23347.52,0
2026-01-16 11:52:00,23347.52,23356.83,23345.16,23354.49,0
2026-01-16 11:53:00,23354.49,23362.91,23352.91,23361.79,0
2026-01-16 11:54:00,23361.79,23369.02,23361.12,23366.79,0
2026-01-16 11:55:00,23366.79,23368.96,23362.43,23362.84,0
2026-01-16 11:56:00,23362.84,23369.28,23360.52,23365.45,0
2026-01-16 11:57:00,23365.45,23369.61,23363.44,23369.11,0
2026-01-16 11:58:00,23369.11,23371.53,23364.87,23367.22,0
2026-01-16 11:59:00,23367.22,23379.38,23364.61,23370.83,0
2026-01-16 12:00:00,23370.83,23372.84,23361.53,23366.25,0
2026-01-16 12:01:00,23366.25,23369.17,23363.8,23364.57,0
2026-01-16 12:02:00,23364.57,23366.81,23360.35,23365.11,0
2026-01-16 12:03:00,23365.11,23369.27,23363.0,23366.59,0
2026-01-16 12:04:00,23366.59,23373.97,23364.1,23370.37,0
2026-01-16 12:05:00,23370.37,23378.35,23367.38,23377.73,0
2026-01-16 12:06:00,23377.73,23378.54,23374.93,23375.93,0
2026-01-16 12:07:00,23375.93,23384.63,23374.39,23384.05,0
2026-01-16 12:08:00,23384.05,23398.19,23381.57,23397.2,0
2026-01-16 12:09:00,23397.2,23404.04,23394.83,23402.78,0
2026-01-16 12:10:00,23402.78,23406.35,23393.17,23396.37,0
2026-01-16 12:11:00,23396.37,23398.38,23395.8,23397.0,0
2026-01-16 12:12:00,23397.0,23397.46,23390.25,23392.07,0
2026-01-16 12:13:00,23392.07,23399.5,23388.57,23398.42,0
2026-01-16 12:14:00,23398.42,23398.45,23382.01,23389.49,0
2026-01-16 12:15:00,23389.49,23397.6,23389.11,23397.51,0
2026-01-16 12:16:00,23397.51,23399.44,23386.87,23389.11,0
2026-01-16 12:17:00,23389.11,23394.42,23387.24,23393.18,0
2026-01-16 12:18:00,23393.18,23402.06,23392.48,23396.28,0
2026-01-16 12:19:00,23396.28,23405.43,23395.88,23403.89,0
2026-01-16 12:20:00,23403.89,23407.57,23396.56,23403.12,0
2026-01-16 12:21:00,23403.12,23405.04,23401.02,23402.35,0
2026-01-16 12:22:00,23402.35,23414.27,23398.8,23410.79,0
2026-01-16 12:23:00,23410.79,23418.66,23406.61,23416.55,0
2026-01-16 12:24:00,23416.55,23419.4,23414.11,23418.97,0
2026-01-16 12:25:00,23418.97,23426.61,23411.18,23413.64,0
2026-01-16 12:26:00,23413.64,23416.65,23412.83,23414.56,0
2026-01-16 12:27:00,23414.56,23417.09,23408.28,23408.86,0
2026-01-16 12:28:00,23408.86,23412.11,23408.58,23409.59,0
2026-01-16 12:29:00,23409.59,23415.49,23407.51,23413.44,0
2026-01-16 12:30:00,23413.44,23415.47,23402.5,23403.26,0
2026-01-16 12:31:00,23403.26,23409.91,23398.09,23400.11,0
2026-01-16 12:32:00,23400.11,23405.24,23398.03,23402.97,0
2026-01-16 12:33:00,23402.97,23405.83,23394.87,23395.44,0
2026-01-16 12:34:00,23395.44,23399.0,23388.01,23393.03,0
2026-01-16 12:35:00,23393.03,23397.37,23382.41,23389.61,0
2026-01-16 12:36:00,23389.61,23395.07,23377.01,23382.38,0
2026-01-16 12:37:00,23382.38,23385.55,23380.53,23382.54,0
2026-01-16 12:38:00,23382.54,23382.96,23376.93,23380.39,0
2026-01-16 12:39:00,23380.39,23380.76,23370.18,23372.4,0
2026-01-16 12:40:00,23372.4,23377.0,23369.85,23373.36,0
2026-01-16 12:41:00,23373.36,23376.21,23372.52,23373.95,0
2026-01-16 12:42:00,23373.95,23377.14,23368.22,23372.35,0
2026-01-16 12:43:00,23372.35,23375.68,23362.26,23365.2,0
2026-01-16 12:44:00,23365.2,23367.55,23362.25,23367.36,0
2026-01-16 12:45:00,23367.36,23374.06,23366.68,23373.49,0
2026-01-16 12:46:00,23373.49,23377.35,23372.3,23375.82,0
2026-01-16 12:47:00,23375.82,23378.84,23374.65,23376.68,0
2026-01-16 12:48:00,23376.68,23378.76,23368.15,23368.96,0
2026-01-16 12:49:00,23368.96,23377.96,23365.53,23376.0,0
2026-01-16 12:50:00,23376.0,23385.15,23369.21,23382.49,0
2026-01-16 12:51:00,23382.49,23383.48,23378.8,23382.52,0
2026-01-16 12:52:00,23382.52,23387.98,23382.13,23384.96,0
2026-01-16 12:53:00,23384.96,23394.58,23379.27,23393.52,0
2026-01-16 12:54:00,23393.52,23400.58,23390.86,23400.04,0
2026-01-16 12:55:00,23400.04,23400.89,23394.86,23398.34,0
2026-01-16 12:56:00,23398.34,23400.51,23398.29,23400.34,0
2026-01-16 12:57:00,23400.34,23402.26,23393.68,23395.04,0
2026-01-16 12:58:00,23395.04,23398.49,23392.47,23393.67,0
2026-01-16 12:59:00,23393.67,23401.12,23393.63,23399.75,0
2026-01-16 13:00:00,23399.75,23402.52,23396.18,23401.83,0
2026-01-16 13:01:00,23401.83,23413.95,23400.27,23407.19,0
2026-01-16 13:02:00,23407.19,23418.73,23403.55,23411.33,0
2026-01-16 13:03:00,23411.33,23415.58,23410.54,23414.55,0
2026-01-16 13:04:00,23414.55,23414.75,23403.38,23404.58,0
2026-01-16 13:05:00,23404.58,23405.24,23393.68,23395.11,0
2026-01-16 13:06:00,23395.11,23397.04,23384.13,23389.08,0
2026-01-16 13:07:00,23389.08,23394.76,23386.77,23391.66,0
2026-01-16 13:08:00,23391.66,23393.44,23387.29,23391.28,0
2026-01-16 13:09:00,23391.28,23391.72,23384.76,23388.83,0
2026-01-16 13:10:00,23388.83,23391.22,23374.93,23377.63,0
2026-01-16 13:11:00,23377.63,23380.68,23373.66,23379.9,0
2026-01-16 13:12:00,23379.9,23384.06,23369.0,23369.25,0
2026-01-16 13:13:00,23369.25,23378.14,23366.87,23373.98,0
2026-01-16 13:14:00,23373.98,23375.23,23368.57,23368.74,0
2026-01-16 13:15:00,23368.74,23369.12,23363.24,23365.35,0
2026-01-16 13:16:00,23365.35,23367.27,23360.23,23366.17,0
2026-01-16 13:17:00,23366.17,23367.92,23359.77,23360.04,0
2026-01-16 13:18:00,23360.04,23372.41,23358.64,23369.57,0
2026-01-16 13:19:00,23369.57,23381.96,23368.48,23379.98,0
2026-01-16 13:20:00,23379.98,23382.85,23373.94,23377.61,0
2026-01-16 13:21:00,23377.61,23387.18,23375.42,23386.73,0
2026-01-16 13:22:00,23386.73,23388.74,23376.98,23378.57,0
2026-01-16 13:23:00,23378.57,23389.18,23377.36,23381.93,0
2026-01-16 13:24:00,23381.93,23386.99,23373.3,23385.71,0
2026-01-16 13:25:00,23385.71,23387.93,23385.69,23387.54,0
2026-01-16 13:26:00,23387.54,23388.82,23385.06,23385.49,0
2026-01-16 13:27:00,23385.49,23398.14,23385.48,23388.61,0
2026-01-16 13:28:00,23388.61,23394.83,23384.93,23394.22,0
2026-01-16 13:29:00,23394.22,23399.98,23385.84,23388.75,0
2026-01-16 13:30:00,23388.75,23396.97,23381.96,23386.3,0
2026-01-16 13:31:00,23386.3,23399.41,23386.01,23395.81,0
2026-01-16 13:32:00,23395.81,23401.82,23395.58,23398.65,0
2026-01-16 13:33:00,23398.65,23402.33,23390.56,23391.02,0
2026-01-16 13:34:00,23391.02,23394.57,23390.68,23393.66,0
2026-01-16 13:35:00,23393.66,23395.68,23383.75,23385.57,0
2026-01-16 13:36:00,23385.57,23386.84,23374.78,23374.88,0
2026-01-16 13:37:00,23374.88,23383.14,23371.32,23380.66,0
2026-01-16 13:38:00,23380.66,23380.7,23379.33,23379.6,0
2026-01-16 13:39:00,23379.6,23379.83,23370.46,23373.41,0
2026-01-16 13:40:00,23373.41,23385.26,23371.13,23380.89,0
2026-01-16 13:41:00,23380.89,23381.7,23364.4,23365.98,0
2026-01-16 13:42:00,23365.98,23370.59,23345.76,23348.5,0
2026-01-16 13:43:00,23348.5,23349.62,23347.03,23348.54,0
2026-01-16 13:44:00,23348.54,23352.65,23341.74,23347.23,0
2026-01-16 13:45:00,23347.23,23353.86,23346.45,23352.18,0
2026-01-16 13:46:00,23352.18,23360.24,23350.12,23358.07,0
2026-01-16 13:47:00,23358.07,23366.0,23356.31,23363.81,0
2026-01-16 13:48:00,23363.81,23363.86,23355.55,23361.3,0
2026-01-16 13:49:00,23361.3,23362.63,23360.35,23361.19,0
2026-01-16 13:50:00,23361.19,23362.11,23359.24,23359.5,0
2026-01-16 13:51:00,23359.5,23361.99,23359.14,23360.15,0
2026-01-16 13:52:00,23360.15,23361.64,23358.27,23359.6,0
2026-01-16 13:53:00,23359.6,23362.09,23352.71,23357.54,0
2026-01-16 13:54:00,23357.54,23358.78,23347.24,23350.01,0
2026-01-16 13:55:00,23350.01,23360.09,23348.9,23359.61,0
2026-01-16 13:56:00,23359.61,23361.2,23356.77,23358.67,0
2026-01-16 13:57:00,23358.67,23363.48,23358.24,23359.12,0
2026-01-16 13:58:00,23359.12,23361.77,23355.48,23358.57,0
2026-01-16 13:59:00,23358.57,23364.04,23356.62,23360.78,0
2026-01-16 14:00:00,23360.78,23364.26,23348.57,23353.3,0
2026-01-16 14:01:00,23353.3,23358.02,23340.76,23342.15,0
2026-01-16 14:02:00,23342.15,23344.86,23341.71,23343.31,0
2026-01-16 14:03:00,23343.31,23357.95,23340.42,23352.72,0
2026-01-16 14:04:00,23352.72,23356.2,23350.64,23353.53,0
2026-01-16 14:05:00,23353.53,23363.96,23351.28,23361.27,0
2026-01-16 14:06:00,23361.27,23364.27,23357.88,23360.29,0
2026-01-16 14:07:00,23360.29,23361.08,23352.58,23353.29,0
2026-01-16 14:08:00,23353.29,23363.55,23349.84,23360.66,0
2026-01-16 14:09:00,23360.66,23364.46,23351.1,23356.1,0
2026-01-16 14:10:00,23356.1,23360.36,23355.25,23355.9,0
2026-01-16 14:11:00,23355.9,23357.43,23350.21,23356.22,0
2026-01-16 14:12:00,23356.22,23357.57,23347.73,23353.1,0
2026-01-16 14:13:00,23353.1,23357.3,23351.52,23357.25,0
2026-01-16 14:14:00,23357.25,23360.43,23357.18,23358.47,0
2026-01-16 14:15:00,23358.47,23360.84,23351.93,23353.92,0
2026-01-16 14:16:00,23353.92,23359.0,23349.98,23356.09,0
2026-01-16 14:17:00,23356.09,23368.67,23355.64,23365.59,0
2026-01-16 14:18:00,23365.59,23366.17,23362.79,23364.38,0
2026-01-16 14:19:00,23364.38,23384.12,23361.95,23382.13,0
2026-01-16 14:20:00,23382.13,23395.98,23379.11,23391.29,0
2026-01-16 14:21:00,23391.29,23394.57,23382.29,23383.76,0
2026-01-16 14:22:00,23383.76,23387.74,23380.19,23382.05,0
2026-01-16 14:23:00,23382.05,23386.09,23378.42,23381.42,0
2026-01-16 14:24:00,23381.42,23383.47,23369.84,23370.52,0
2026-01-16 14:25:00,23370.52,23383.38,23366.83,23376.34,0
2026-01-16 14:26:00,23376.34,23382.7,23372.63,23376.89,0
2026-01-16 14:27:00,23376.89,23378.26,23361.41,23365.63,0
2026-01-16 14:28:00,23365.63,23379.16,23363.79,23375.15,0
2026-01-16 14:29:00,23375.15,23377.68,23361.43,23364.27,0
2026-01-16 14:30:00,23364.27,23370.23,23357.09,23366.84,0
2026-01-16 14:31:00,23366.84,23369.3,23364.08,23364.74,0
2026-01-16 14:32:00,23364.74,23371.26,23362.63,23365.51,0
2026-01-16 14:33:00,23365.51,23375.72,23362.93,23374.81,0
2026-01-16 14:34:00,23374.81,23378.13,23372.71,23377.87,0
2026-01-16 14:35:00,23377.87,23377.91,23374.39,23375.51,0
2026-01-16 14:36:00,23375.51,23377.58,23370.87,23373.46,0
2026-01-16 14:37:00,23373.46,23373.81,23371.4,23372.04,0
2026-01-16 14:38:00,23372.04,23381.51,23367.79,23379.93,0
2026-01-16 14:39:00,23379.93,23384.53,23373.02,23374.85,0
2026-01-16 14:40:00,23374.85,23376.22,23368.49,23371.91,0
2026-01-16 14:41:00,23371.91,23372.59,23365.35,23366.29,0
2026-01-16 14:42:00,23366.29,23367.13,23364.98,23365.04,0
2026-01-16 14:43:00,23365.04,23369.26,23360.65,23366.93,0
2026-01-16 14:44:00,23366.93,23375.65,23364.02,23365.0,0
2026-01-16 14:45:00,23365.0,23375.95,23360.71,23375.57,0
2026-01-16 14:46:00,23375.57,23376.58,23369.75,23372.97,0
2026-01-16 14:47:00,23372.97,23374.86,23360.64,23361.02,0
2026-01-16 14:48:00,23361.02,23366.16,23358.44,23364.97,0
2026-01-16 14:49:00,23364.97,23365.67,23360.46,23364.06,0
2026-01-16 14:50:00,23364.06,23375.54,23363.58,23374.4,0
2026-01-16 14:51:00,23374.4,23380.72,23368.15,23369.34,0
2026-01-16 14:52:00,23369.34,23377.82,23367.52,23373.07,0
2026-01-16 14:53:00,23373.07,23388.0,23372.48,23387.52,0
2026-01-16 14:54:00,23387.52,23397.28,23384.98,23396.74,0
2026-01-16 14:55:00,23396.74,23411.79,23394.3,23408.29,0
2026-01-16 14:56:00,23408.29,23412.75,23408.16,23412.39,0
2026-01-16 14:57:00,23412.39,23412.78,23410.36,23411.43,0
2026-01-16 14:58:00,23411.43,23412.24,23407.89,23408.59,0
2026-01-16 14:59:00,23408.59,23409.93,23395.67,23402.17,0
2026-01-16 15:00:00,23402.17,23406.36,23398.65,23406.02,0
2026-01-16 15:01:00,23406.02,23417.55,23399.87,23414.04,0
2026-01-16 15:02:00,23414.04,23417.65,23409.52,23409.7,0
2026-01-16 15:03:00,23409.7,23419.96,23406.63,23419.31,0
2026-01-16 15:04:00,23419.31,23424.86,23416.23,23417.41,0
2026-01-16 15:05:00,23417.41,23421.48,23412.43,23420.26,0
2026-01-16 15:06:00,23420.26,23424.5,23415.1,23415.88,0
2026-01-16 15:07:00,23415.88,23416.18,23411.78,23411.79,0
2026-01-16 15:08:00,23411.79,23415.04,23406.57,23406.91,0
2026-01-16 15:09:00,23406.91,23418.33,23403.76,23417.57,0
2026-01-16 15:10:00,23417.57,23419.52,23414.29,23415.86,0
2026-01-16 15:11:00,23415.86,23417.21,23410.24,23410.66,0
2026-01-16 15:12:00,23410.66,23415.22,23401.68,23404.23,0
2026-01-16 15:13:00,23404.23,23406.87,23388.92,23393.42,0
2026-01-16 15:14:00,23393.42,23401.1,23391.67,23397.66,0
2026-01-16 15:15:00,23397.66,23397.77,23395.7,23396.96,0
2026-01-16 15:16:00,23396.96,23403.47,23395.95,23401.55,0
2026-01-16 15:17:00,23401.55,23410.12,23399.45,23408.99,0
2026-01-16 15:18:00,23408.99,23421.45,23407.57,23417.95,0
2026-01-16 15:19:00,23417.95,23425.79,23416.91,23425.44,0
2026-01-16 15:20:00,23425.44,23428.18,23424.75,23426.19,0
2026-01-16 15:21:00,23426.19,23428.37,23420.57,23426.25,0
2026-01-16 15:22:00,23426.25,23428.67,23420.4,23427.79,0
2026-01-16 15:23:00,23427.79,23431.48,23425.83,23429.53,0
2026-01-16 15:24:00,23429.53,23433.05,23426.46,23427.28,0
2026-01-16 15:25:00,23427.28,23433.84,23424.15,23430.29,0
2026-01-16 15:26:00,23430.29,23432.15,23429.68,23431.68,0
2026-01-16 15:27:00,23431.68,23439.26,23428.22,23438.9,0
2026-01-16 15:28:00,23438.9,23438.92,23431.88,23434.2,0
2026-01-16 15:29:00,23434.2,23439.01,23432.68,23438.4,0
